CellID	x	y	geneID	MIDCount
196	1058	6125	Cd44	1.0
196	1061	6111	Cd44	1.0
196	1064	6138	Cd44	1.0
196	1047	6150	Cd44	1.0
196	1047	6127	Cd44	1.0
196	1006	6124	Stmn1	1.0
196	1019	6120	Stmn1	1.0
196	1037	6147	Marcksl1	1.0
196	1011	6143	Vim	1.0
196	1059	6133	Cspg4	1.0
196	1049	6149	Cspg4	1.0
196	1055	6142	S100b	1.0
196	1046	6128	Vcan	1.0
196	1026	6120	Lpar1	1.0
196	1049	6148	S1pr3	2.0
196	1049	6148	S1pr3	2.0
196	1053	6154	S1pr3	1.0
196	1062	6142	S1pr3	1.0
196	1069	6140	S1pr3	1.0
196	1048	6109	Fzd7	1.0
196	1061	6124	Fzd3	1.0
1066	3290	1535	Maoa	1.0
1066	3268	1579	Maoa	1.0
1168	2887	1657	Hmgb2	1.0
1168	2938	1669	Hmgb2	1.0
1066	3292	1528	Hmgb2	1.0
1066	3280	1575	Cps1	1.0
1066	3279	1573	Cps1	1.0
1066	3278	1575	Cps1	1.0
1066	3289	1526	Cps1	1.0
1066	3274	1572	Cps1	1.0
1066	3276	1584	Cps1	1.0
1066	3278	1552	Cps1	1.0
1066	3281	1573	Cps1	1.0
1168	2913	1651	Cps1	1.0
1066	3272	1557	Cps1	1.0
1066	3281	1531	Cps1	1.0
1066	3282	1538	Cps1	1.0
1066	3286	1559	Cps1	1.0
1066	3296	1573	Cps1	1.0
1168	2884	1657	Cps1	1.0
1168	2890	1657	Cps1	1.0
1066	3287	1568	Cps1	1.0
1066	3294	1546	Cps1	1.0
1168	2887	1653	Cps1	1.0
1066	3307	1530	Cps1	1.0
1168	2888	1654	Cps1	1.0
1066	3296	1549	Cps1	1.0
1090	2060	333	Txndc5	1.0
1168	2890	1708	Txndc5	1.0
1066	3321	1514	Txndc5	1.0
1168	2905	1727	Txndc5	1.0
1066	3290	1593	Txndc5	1.0
1066	3301	1537	Txndc5	1.0
1066	3311	1520	Txndc5	1.0
1168	2844	1748	Txndc5	1.0
1168	2889	1712	Txndc5	1.0
1168	2846	1715	Txndc5	1.0
1168	2857	1729	Txndc5	1.0
1168	2860	1714	Txndc5	1.0
1168	2925	1686	Txndc5	1.0
1168	2925	1703	Txndc5	1.0
1066	3288	1551	Txndc5	1.0
1066	3289	1564	Txndc5	1.0
1066	3299	1559	Txndc5	1.0
1066	3308	1522	Txndc5	1.0
1066	3308	1537	Txndc5	1.0
1066	3313	1534	Txndc5	1.0
1066	3324	1523	Txndc5	1.0
1168	2846	1714	Txndc5	1.0
1168	2846	1742	Txndc5	1.0
1168	2927	1704	Txndc5	1.0
1066	3280	1558	Txndc5	1.0
1066	3293	1556	Txndc5	1.0
1066	3296	1560	Txndc5	1.0
1066	3301	1554	Txndc5	1.0
1066	3307	1526	Txndc5	1.0
1066	3313	1535	Txndc5	1.0
1168	2844	1746	Txndc5	1.0
1168	2847	1716	Txndc5	1.0
1168	2954	1672	Txndc5	1.0
1066	3276	1554	Txndc5	1.0
1066	3278	1568	Txndc5	1.0
1066	3289	1550	Txndc5	1.0
1066	3296	1556	Txndc5	1.0
1066	3303	1537	Txndc5	1.0
1066	3307	1525	Txndc5	1.0
1066	3315	1511	Txndc5	1.0
1168	2851	1721	Txndc5	1.0
1066	3278	1572	Clca3b	1.0
1066	3305	1529	Clca3b	1.0
1066	3273	1568	Clca3b	1.0
1066	3275	1583	Clca3b	1.0
1066	3277	1559	Clca3b	1.0
1066	3298	1534	Clca3b	1.0
1066	3339	1519	Clca3b	1.0
1066	3273	1561	Clca3b	1.0
1066	3284	1577	Clca3b	1.0
1066	3327	1525	Clca3b	1.0
1066	3275	1554	Clca3b	1.0
1168	2882	1648	Clca3b	1.0
1168	2886	1651	Clca3b	1.0
1066	3284	1540	Clca3b	1.0
1066	3285	1562	Clca3b	1.0
1066	3288	1531	Clca3b	1.0
1066	3292	1537	Clca3b	1.0
1066	3300	1557	Clca3b	1.0
1168	2886	1650	Clca3b	1.0
1066	3299	1557	Clca3b	1.0
1168	2930	1653	Lgr5	1.0
1066	3313	1525	Slc12a2	1.0
1066	3336	1528	Slc12a2	1.0
1066	3279	1557	Slc12a2	1.0
1066	3296	1538	Slc12a2	1.0
1066	3313	1517	Slc12a2	1.0
1168	2885	1658	Slc12a2	1.0
1168	2921	1741	Slc12a2	1.0
1168	2934	1725	Jaml	1.0
1168	2921	1732	Lrmp	1.0
1168	2899	1747	Lrmp	1.0
1066	3299	1538	Krt7	1.0
1168	2854	1760	Tspan13	1.0
1066	3290	1549	Tspan13	1.0
1066	3302	1526	Tspan13	1.0
1066	3295	1557	Slc18a1	1.0
1168	2858	1707	Cd44	1.0
1168	2908	1724	Cd44	1.0
1066	3310	1529	Cd44	1.0
1090	2004	345	Scarb1	1.0
1168	2894	1763	Scarb1	1.0
1090	2030	344	Etv1	1.0
1066	3282	1573	Etv1	2.0
1066	3282	1573	Etv1	2.0
1090	2003	332	Nt5e	1.0
1090	2013	310	Maged2	1.0
1168	2952	1666	Acsl1	1.0
1168	2912	1759	Acsl1	1.0
1168	2859	1725	Lct	1.0
1066	3282	1586	Net1	1.0
1066	3275	1584	Net1	1.0
1066	3273	1583	Net1	1.0
1066	3367	1522	Net1	1.0
1168	2913	1658	Ccnl2	1.0
1168	2937	1673	Ccnl2	1.0
1168	2888	1725	Ccnl2	1.0
1066	3313	1523	Ccnl2	1.0
1168	2916	1658	Neat1	1.0
1168	2929	1667	Neat1	1.0
1168	2921	1648	Neat1	1.0
1168	2936	1657	Neat1	1.0
1168	2955	1718	Neat1	1.0
1066	3286	1575	Neat1	1.0
1168	2911	1749	Neat1	1.0
1066	3338	1536	Neat1	1.0
1168	2893	1735	Neat1	1.0
1168	2897	1753	Neat1	1.0
1066	3338	1535	Neat1	1.0
1168	2893	1733	Neat1	1.0
1168	2915	1736	Neat1	1.0
1168	2936	1739	Neat1	1.0
1168	2892	1734	Neat1	1.0
1168	2914	1737	Neat1	1.0
1168	2924	1652	Neat1	1.0
1168	2925	1739	Neat1	1.0
1066	3337	1537	Neat1	1.0
1066	3350	1515	Neat1	1.0
1168	2891	1735	Neat1	1.0
1066	3323	1526	Neat1	1.0
1066	3273	1554	Nlrp6	1.0
1066	3282	1565	Nlrp6	1.0
1066	3338	1539	Nlrp6	1.0
1066	3290	1530	Nlrp6	1.0
1066	3336	1538	Nlrp6	1.0
1066	3344	1527	Nlrp6	1.0
1066	3318	1522	Nlrp6	1.0
1066	3282	1542	Mki67	1.0
1066	3293	1538	Mki67	1.0
1066	3287	1533	Mki67	1.0
1066	3300	1530	Mki67	1.0
1066	3329	1534	Mki67	1.0
1066	3350	1531	Mki67	1.0
1066	3351	1530	Mki67	1.0
1066	3355	1514	Mki67	1.0
1066	3341	1533	Stmn1	1.0
1168	2887	1654	Stmn1	1.0
1066	3276	1552	Stmn1	1.0
1066	3294	1536	Stmn1	1.0
1168	2931	1685	Stmn1	1.0
1168	2909	1659	Stmn1	1.0
1066	3299	1566	Stmn1	1.0
1168	2909	1768	Marcksl1	1.0
1168	2979	1732	Marcksl1	1.0
1168	2856	1726	Vim	1.0
1168	2925	1733	Vim	1.0
1168	2954	1741	Vim	1.0
1090	2020	300	Vim	1.0
1168	2858	1724	Vim	1.0
1168	2902	1712	Vim	1.0
1168	2923	1780	Vim	1.0
1168	2924	1734	Vim	1.0
1168	2941	1732	Vim	1.0
1090	2001	327	Vim	1.0
1168	2870	1729	Vim	1.0
1168	2886	1721	Vim	1.0
1168	2903	1727	Vim	1.0
1090	2012	315	Vim	1.0
1090	2024	300	Vim	1.0
1168	2873	1717	Vim	1.0
1168	2911	1694	Vim	1.0
1168	2925	1701	Vim	1.0
1090	2009	330	Vim	1.0
1090	2013	313	Vim	1.0
1090	2011	329	Vim	1.0
1090	2013	335	Vim	1.0
1168	2924	1714	Vim	1.0
1168	2931	1656	Vim	1.0
1168	2906	1668	Acta2	1.0
1168	2959	1675	Acta2	1.0
1090	2040	311	Acta2	1.0
1168	2930	1678	Acta2	1.0
1168	2942	1677	Acta2	1.0
1168	2927	1691	Acta2	1.0
1168	2959	1668	Cspg4	1.0
1168	2952	1661	Cspg4	1.0
1168	2960	1667	Cspg4	1.0
1168	2873	1713	Cspg4	1.0
1168	2948	1659	Nes	1.0
1168	2915	1708	Cd4	1.0
1168	2923	1702	Cd4	1.0
1168	2907	1767	Cd4	1.0
1168	2920	1743	Cd4	1.0
1168	2934	1704	Cd4	1.0
1168	2899	1762	Cd4	1.0
1168	2956	1750	Cd4	1.0
1168	2884	1734	Cd4	1.0
1168	2897	1763	Cd4	1.0
1168	2907	1703	Cd4	1.0
1168	2907	1682	Cd4	1.0
1168	2917	1695	Ifnar1	1.0
1066	3324	1508	Ifnar1	1.0
1168	2937	1711	Ifnar1	1.0
1168	2939	1712	Ifnar1	1.0
1168	2892	1747	Ifnar1	1.0
1066	3300	1557	Ifnar1	1.0
1168	2849	1736	Cd79a	1.0
1168	2849	1723	Cd79a	1.0
1168	2854	1756	Cd79a	1.0
1168	2846	1730	Cd79b	1.0
1168	2847	1744	Cd79b	1.0
1168	2864	1710	Mzb1	1.0
1168	2861	1722	Mzb1	1.0
1168	2901	1699	Mzb1	1.0
1168	2897	1732	Sdc1	1.0
1168	2848	1732	Sdc1	1.0
1168	2850	1715	Sdc1	1.0
1168	2856	1708	Sdc1	1.0
1168	2859	1740	Sdc1	2.0
1066	3273	1574	Sdc1	1.0
1168	2859	1740	Sdc1	2.0
1168	2879	1742	Sdc1	1.0
1168	2882	1752	Sdc1	1.0
1168	2911	1709	Sdc1	1.0
1066	3278	1576	Sdc1	1.0
1168	2842	1750	Sdc1	1.0
1168	2847	1719	Sdc1	1.0
1168	2841	1750	Sdc1	1.0
1066	3302	1541	Sdc1	1.0
1168	2853	1726	Sdc1	1.0
1168	2854	1727	Sdc1	1.0
1168	2903	1731	Fcgr4	1.0
1168	2904	1679	Fcgr4	1.0
1090	2010	330	Cd34	1.0
1168	2904	1729	Cd34	1.0
1168	2948	1736	Cd34	1.0
1168	2956	1751	Cd34	1.0
1168	2877	1724	Cd34	1.0
1168	2878	1730	Cd34	1.0
1168	2896	1721	Cd34	1.0
1168	2874	1737	Cd34	1.0
1168	2881	1726	Cd34	1.0
1168	2882	1733	Cd34	1.0
1090	2019	305	Cd34	1.0
1168	2878	1717	Cd34	1.0
1168	2900	1697	Cd34	1.0
1090	2019	322	Cd34	1.0
1066	3286	1577	Itgam	1.0
1168	2892	1738	Itgam	1.0
1168	2920	1712	Itgam	1.0
1168	2957	1752	Itgam	1.0
1066	3280	1579	Itgam	1.0
1066	3340	1537	Mpo	1.0
1168	2936	1743	Ly6g	1.0
1066	3305	1520	Kit	1.0
1066	3312	1516	Kit	1.0
1168	2910	1712	H2-Eb1	1.0
1168	2922	1708	H2-Eb1	1.0
1168	2930	1700	H2-Eb1	1.0
1168	2938	1691	H2-Eb1	1.0
1168	2907	1753	H2-Eb1	1.0
1168	2917	1706	H2-Eb1	1.0
1168	2928	1736	H2-Eb1	1.0
1168	2890	1744	H2-Eb1	1.0
1168	2895	1761	H2-Eb1	1.0
1168	2910	1698	H2-Eb1	1.0
1168	2960	1756	H2-Eb1	1.0
1168	2885	1738	H2-Eb1	1.0
1168	2894	1763	H2-Eb1	1.0
1168	2900	1769	H2-Eb1	1.0
1168	2910	1729	H2-Eb1	1.0
1168	2912	1697	H2-Eb1	1.0
1168	2923	1713	H2-Eb1	1.0
1168	2930	1708	H2-Eb1	1.0
1066	3331	1518	H2-Eb1	1.0
1168	2900	1767	H2-Eb1	1.0
1168	2906	1725	H2-Eb1	1.0
1168	2893	1659	H2-Eb1	1.0
1168	2912	1673	H2-Eb1	1.0
1168	2936	1736	Vcan	1.0
1168	2872	1709	Vcan	1.0
1168	2876	1730	Vcan	1.0
1168	2922	1684	Vcan	1.0
1168	2924	1684	Vcan	1.0
1168	2912	1708	C1qb	1.0
1168	2898	1761	C1qb	1.0
1168	2899	1732	C1qb	1.0
1168	2912	1710	C1qb	1.0
1168	2922	1757	C1qb	1.0
1168	2923	1712	C1qb	1.0
1168	2932	1701	C1qb	1.0
1168	2956	1763	C1qb	1.0
1168	2906	1713	C1qb	1.0
1168	2933	1716	C1qb	1.0
1168	2888	1756	C1qb	1.0
1168	2901	1681	C1qb	1.0
1168	2887	1746	C1qb	1.0
1066	3328	1527	Nkg7	1.0
1168	2949	1765	Cd14	1.0
1168	2931	1720	Cd14	1.0
1168	2917	1704	C1qc	1.0
1168	2929	1706	C1qc	1.0
1168	2935	1695	C1qc	1.0
1168	2945	1747	C1qc	1.0
1168	2953	1742	C1qc	1.0
1168	2890	1735	C1qc	1.0
1168	2908	1695	C1qc	1.0
1168	2935	1716	C1qc	1.0
1168	2944	1746	C1qc	1.0
1168	2954	1741	C1qc	1.0
1168	2881	1741	C1qc	1.0
1168	2896	1768	C1qc	1.0
1168	2916	1711	C1qc	1.0
1168	2915	1726	C1qc	1.0
1168	2952	1737	Cadm1	1.0
1168	2931	1718	Clec4a2	1.0
1168	2924	1691	Il3ra	1.0
1066	3320	1511	Tnfrsf21	1.0
1168	2927	1711	Tnfrsf21	1.0
1168	2923	1734	Tnfrsf21	1.0
1168	2923	1732	Tnfrsf21	1.0
1066	3312	1518	Ffar2	1.0
1168	2896	1676	Ffar3	1.0
1168	2906	1762	Gpr31b	1.0
1168	2872	1734	Lpar1	1.0
1168	2919	1703	Lpar1	1.0
1168	2867	1703	Lpar1	1.0
1168	2851	1745	P2ry10	1.0
1168	2923	1738	S1pr1	1.0
1168	2892	1731	S1pr4	1.0
1168	2921	1679	Fzd1	1.0
1168	2878	1717	Fzd1	1.0
1168	2929	1745	Fzd1	1.0
1168	2942	1771	Fzd1	1.0
1168	2948	1756	Fzd1	1.0
1168	2888	1713	Fzd1	1.0
1168	2923	1674	Fzd1	1.0
1168	2923	1686	Fzd1	1.0
1168	2893	1722	Fzd2	1.0
1090	1993	342	Fzd4	1.0
1090	2018	317	Fzd4	1.0
1066	3271	1579	Fzd5	1.0
1066	3295	1555	Fzd5	1.0
1066	3276	1578	Fzd5	1.0
1066	3296	1550	Fzd5	1.0
1066	3310	1539	Fzd5	1.0
1066	3302	1527	Fzd5	1.0
1066	3309	1536	Fzd5	1.0
1066	3320	1522	Fzd6	1.0
1168	2940	1744	Smo	1.0
1066	3320	1521	Smo	1.0
1168	2880	1716	Smo	1.0
1090	2007	324	Smo	1.0
1168	2918	1693	Smo	1.0
1168	2867	1718	Adra1d	1.0
1168	2919	1692	Adrb2	1.0
1168	2950	1669	Taar7a	1.0
1168	2930	1700	Taar9	1.0
1168	2920	1712	Cckar	1.0
1168	2923	1711	Cckar	1.0
1168	2949	1741	Kiss1r	1.0
1066	3284	1583	Glp2r	1.0
1758	4749	5219	Maoa	1.0
1771	4739	4248	Maoa	1.0
1779	4301	4274	Hmgb2	1.0
1758	4726	5298	Hmgb2	1.0
1779	4290	4270	Hmgb2	1.0
1779	4323	4258	Hmgb2	1.0
1779	4251	4280	Txndc5	1.0
1779	4307	4260	Txndc5	1.0
1779	4329	4213	Txndc5	1.0
1779	4332	4202	Txndc5	1.0
1758	4700	5239	Txndc5	1.0
1758	4800	5271	Txndc5	1.0
1779	4253	4273	Txndc5	1.0
1779	4277	4280	Txndc5	1.0
1779	4303	4260	Txndc5	1.0
1779	4316	4212	Txndc5	1.0
1779	4324	4209	Txndc5	1.0
1779	4330	4216	Txndc5	1.0
1779	4342	4210	Txndc5	1.0
1758	4720	5232	Txndc5	1.0
1779	4271	4273	Txndc5	1.0
1779	4279	4268	Txndc5	1.0
1779	4307	4284	Txndc5	1.0
1758	4732	5253	Txndc5	1.0
1779	4301	4284	Txndc5	1.0
1758	4770	5212	Txndc5	1.0
1779	4281	4277	Txndc5	1.0
1771	4710	4241	Txndc5	1.0
1779	4281	4278	Txndc5	1.0
1758	4794	5282	Lgr5	1.0
1758	4787	5271	Lgr5	1.0
1771	4737	4260	Lgr5	1.0
1758	4801	5214	Lgr5	1.0
1758	4765	5277	Lgr5	1.0
1758	4768	5216	Lgr5	1.0
1758	4802	5222	Lgr5	1.0
1758	4769	5216	Lgr5	1.0
1758	4777	5222	Lgr5	1.0
1758	4731	5265	Jaml	1.0
1758	4696	5251	Jaml	1.0
1758	4803	5238	Jaml	1.0
1779	4318	4225	Jaml	1.0
1758	4696	5252	Jaml	1.0
1779	4321	4216	Jaml	1.0
1758	4783	5272	Jaml	1.0
1779	4300	4262	Jaml	1.0
1758	4710	5223	Lrmp	1.0
1771	4694	4277	Lrmp	1.0
1779	4333	4210	Lrmp	1.0
1758	4757	5274	Tspan13	1.0
1779	4337	4204	Tspan13	1.0
1779	4293	4255	Tspan13	1.0
1771	4733	4262	Tspan13	1.0
1758	4757	5291	Tspan13	1.0
1758	4747	5225	Tspan13	1.0
1771	4732	4298	Sox4	1.0
1758	4781	5219	Sox4	1.0
1771	4692	4274	Sox4	1.0
1771	4709	4240	Sox4	1.0
1771	4687	4311	Sox4	1.0
1779	4280	4294	Hhex	1.0
1771	4722	4298	Hhex	1.0
1758	4711	5215	Rgs4	1.0
1771	4737	4249	Adgrf5	1.0
1758	4707	5246	Adgrf5	1.0
1758	4718	5236	Adgrf5	1.0
1758	4725	5234	Adgrf5	1.0
1771	4747	4259	Adgrf5	1.0
1771	4730	4295	Adgrf5	1.0
1771	4714	4301	Adgrf5	1.0
1771	4733	4265	Adgrf5	1.0
1771	4724	4253	Adgrf5	1.0
1771	4734	4284	Adgrf5	1.0
1758	4789	5232	Adgrf5	1.0
1779	4271	4268	Scn3a	1.0
1771	4705	4314	Scn3a	1.0
1779	4318	4206	Cd44	1.0
1779	4330	4209	Cd44	1.0
1758	4798	5277	Cd44	1.0
1779	4315	4191	Cd44	1.0
1758	4704	5269	Cd44	1.0
1758	4729	5295	Cd44	1.0
1779	4308	4242	Cd44	1.0
1779	4314	4271	Cd44	1.0
1758	4706	5231	Cd44	1.0
1758	4793	5248	Cd44	1.0
1779	4254	4277	Cd44	1.0
1779	4306	4243	Cd44	1.0
1758	4712	5260	Cd44	1.0
1758	4780	5200	Cd44	1.0
1758	4794	5247	Cd44	1.0
1758	4797	5273	Cd44	1.0
1779	4325	4204	Cd44	1.0
1758	4770	5210	Cd44	1.0
1758	4779	5200	Cd44	1.0
1758	4800	5247	Cd44	1.0
1779	4322	4231	Cd44	1.0
1758	4763	5259	Cd44	1.0
1771	4740	4318	Cd44	1.0
1758	4783	5223	Cd44	1.0
1758	4751	5212	Scarb1	1.0
1771	4697	4302	Nt5e	1.0
1758	4791	5270	Nt5e	1.0
1758	4734	5292	Nt5e	1.0
1758	4766	5236	Acsl1	1.0
1771	4679	4272	Lct	1.0
1758	4699	5258	Apob	1.0
1758	4789	5237	Net1	1.0
1758	4804	5223	Net1	1.0
1758	4810	5279	Net1	1.0
1758	4809	5280	Net1	1.0
1758	4729	5244	Ccnl2	1.0
1779	4312	4236	Ccnl2	1.0
1771	4711	4293	Ccnl2	1.0
1771	4714	4326	Ccnl2	1.0
1758	4701	5248	Ccnl2	1.0
1771	4702	4247	Ccnl2	1.0
1779	4270	4281	Ada	1.0
1758	4715	5241	Neat1	1.0
1758	4715	5248	Neat1	1.0
1771	4731	4249	Neat1	1.0
1758	4734	5200	Neat1	1.0
1779	4297	4245	Neat1	1.0
1771	4653	4278	Neat1	1.0
1758	4727	5254	Neat1	1.0
1758	4738	5212	Neat1	1.0
1771	4741	4262	Neat1	1.0
1758	4747	5211	Neat1	1.0
1771	4658	4303	Neat1	1.0
1758	4743	5200	Neat1	1.0
1758	4737	5203	Neat1	1.0
1758	4799	5271	Neat1	1.0
1758	4738	5218	Neat1	1.0
1758	4796	5211	Neat1	1.0
1758	4805	5275	Neat1	1.0
1779	4310	4292	Neat1	1.0
1771	4751	4303	Neat1	2.0
1779	4242	4277	Neat1	1.0
1779	4325	4208	Neat1	1.0
1771	4751	4303	Neat1	2.0
1779	4266	4279	Neat1	1.0
1779	4333	4215	Neat1	1.0
1771	4740	4275	Neat1	1.0
1758	4790	5218	Neat1	1.0
1779	4294	4288	Mki67	1.0
1779	4323	4206	Mki67	1.0
1779	4334	4207	Mki67	1.0
1779	4305	4237	Mki67	1.0
1779	4309	4240	Mki67	1.0
1779	4313	4265	Mki67	1.0
1779	4296	4291	Stmn1	1.0
1779	4279	4278	Stmn1	1.0
1779	4330	4198	Stmn1	1.0
1779	4305	4280	Stmn1	1.0
1779	4331	4207	Stmn1	1.0
1758	4789	5253	Marcksl1	1.0
1758	4722	5222	Marcksl1	1.0
1771	4732	4263	Marcksl1	1.0
1758	4729	5209	Marcksl1	1.0
1758	4759	5219	Marcksl1	1.0
1771	4696	4312	Marcksl1	1.0
1771	4698	4243	Marcksl1	1.0
1758	4702	5224	Marcksl1	1.0
1758	4752	5227	Marcksl1	1.0
1758	4729	5210	Marcksl1	1.0
1758	4775	5287	Marcksl1	1.0
1758	4712	5233	Vim	1.0
1758	4792	5271	Vim	1.0
1779	4292	4281	Vim	1.0
1771	4721	4300	Vim	1.0
1779	4310	4278	Vim	1.0
1758	4697	5237	Vim	1.0
1771	4740	4254	Vim	1.0
1771	4768	4244	Vim	1.0
1779	4278	4285	Vim	1.0
1779	4311	4273	Vim	1.0
1779	4325	4213	Vim	1.0
1771	4714	4315	Vim	1.0
1758	4749	5286	Vim	1.0
1758	4794	5224	Vim	1.0
1779	4338	4210	Vim	1.0
1758	4817	5243	Vim	1.0
1771	4736	4308	Vim	1.0
1771	4742	4250	Vim	1.0
1758	4775	5214	Vim	1.0
1758	4804	5245	Vim	1.0
1758	4811	5241	Vim	1.0
1758	4718	5221	Vim	1.0
1771	4735	4308	Vim	1.0
1758	4759	5224	Vim	1.0
1758	4784	5207	Vim	1.0
1779	4311	4240	Vim	1.0
1771	4685	4303	Vim	1.0
1779	4302	4288	Acta2	1.0
1758	4745	5222	Acta2	1.0
1771	4712	4327	Acta2	1.0
1771	4742	4309	Acta2	1.0
1771	4746	4246	Acta2	1.0
1771	4750	4234	Acta2	1.0
1771	4735	4250	Acta2	1.0
1771	4741	4308	Acta2	1.0
1771	4749	4234	Acta2	1.0
1771	4749	4246	Acta2	1.0
1771	4693	4330	Acta2	1.0
1771	4734	4310	Acta2	1.0
1771	4743	4310	Acta2	1.0
1758	4693	5274	Thy1	1.0
1758	4712	5286	Thy1	1.0
1758	4719	5278	Thy1	1.0
1758	4726	5290	Thy1	1.0
1771	4708	4330	Thy1	1.0
1758	4714	5272	Thy1	1.0
1771	4678	4319	Thy1	1.0
1771	4686	4286	Thy1	1.0
1771	4741	4261	Thy1	1.0
1758	4775	5204	Thy1	1.0
1758	4708	5254	Thy1	1.0
1758	4723	5277	Thy1	1.0
1758	4730	5300	Thy1	1.0
1758	4731	5286	Thy1	1.0
1758	4728	5300	Thy1	1.0
1771	4738	4277	Thy1	1.0
1771	4715	4237	Thy1	1.0
1771	4713	4313	Cspg4	1.0
1771	4729	4308	Cspg4	1.0
1771	4733	4314	Nes	1.0
1771	4751	4305	Nes	1.0
1758	4753	5250	Cd3d	1.0
1758	4779	5269	Cd3d	1.0
1758	4705	5282	Cd3e	1.0
1771	4723	4307	Cd3e	1.0
1771	4674	4291	Cd3e	1.0
1758	4710	5279	Cd3e	1.0
1771	4687	4331	Cd3e	1.0
1758	4721	5277	Cd3e	1.0
1758	4698	5251	Cd3e	1.0
1758	4721	5276	Cd3e	1.0
1758	4739	5247	Cd3e	1.0
1758	4756	5195	Cd3e	1.0
1758	4778	5193	Cd3e	1.0
1771	4685	4314	Cd3e	1.0
1758	4717	5266	Cd3e	1.0
1758	4761	5204	Cd3e	1.0
1758	4777	5271	Cd3e	1.0
1758	4739	5292	Cd3e	1.0
1758	4709	5281	Cd3e	1.0
1758	4738	5293	Cd3e	1.0
1758	4784	5244	Cd4	1.0
1758	4795	5230	Cd4	1.0
1758	4797	5243	Cd4	2.0
1758	4805	5247	Cd4	1.0
1758	4787	5246	Cd4	1.0
1758	4797	5243	Cd4	2.0
1758	4791	5241	Cd4	1.0
1758	4792	5257	Cd4	1.0
1758	4784	5254	Cd4	1.0
1758	4785	5246	Cd4	1.0
1779	4289	4276	Cd4	1.0
1758	4782	5239	Cd4	1.0
1758	4787	5263	Cd4	1.0
1771	4650	4281	Cd4	1.0
1758	4763	5245	Cd4	1.0
1758	4793	5230	Tbx21	1.0
1771	4723	4295	Tbx21	1.0
1758	4733	5275	Tbx21	1.0
1758	4733	5274	Tbx21	1.0
1779	4301	4238	Il17a	1.0
1758	4773	5240	Il17a	1.0
1758	4810	5229	Ifnar1	1.0
1758	4786	5257	Ifnar1	1.0
1758	4721	5249	Ifnar1	2.0
1758	4721	5249	Ifnar1	2.0
1758	4773	5246	Ifnar1	1.0
1779	4277	4266	Ifnar1	1.0
1779	4315	4217	Ifnar1	1.0
1758	4765	5271	Tigit	1.0
1758	4769	5284	Tigit	1.0
1771	4660	4304	Cxcr5	1.0
1771	4694	4257	Cxcr5	1.0
1771	4727	4278	Cxcr5	1.0
1771	4665	4275	Cxcr5	1.0
1771	4693	4256	Cxcr5	1.0
1771	4692	4256	Cxcr5	1.0
1771	4671	4281	Sell	1.0
1771	4728	4294	Sell	1.0
1771	4717	4248	Sell	1.0
1771	4718	4248	Sell	1.0
1771	4692	4287	Ccr7	1.0
1771	4719	4320	Ccr7	1.0
1771	4718	4302	Ccr7	1.0
1771	4652	4282	Ptprcap	1.0
1758	4751	5253	Itgae	1.0
1758	4753	5288	Itgae	1.0
1771	4679	4296	Itgae	1.0
1758	4753	5250	Itgae	1.0
1779	4294	4262	Itgae	1.0
1771	4700	4316	Itgae	1.0
1758	4708	5215	Itgae	1.0
1758	4744	5225	Itgae	1.0
1758	4767	5210	Itgae	1.0
1758	4784	5266	Itgae	1.0
1779	4298	4246	Itgae	1.0
1758	4748	5194	Itgae	1.0
1758	4776	5275	Itgae	1.0
1779	4308	4269	Itgae	1.0
1758	4770	5277	Itgae	1.0
1771	4673	4287	Cd8a	1.0
1758	4747	5243	Cd8a	1.0
1771	4688	4291	Cd8a	1.0
1758	4775	5284	Cd8a	1.0
1758	4728	5198	Cd8a	1.0
1758	4771	5290	Cd8a	1.0
1771	4664	4314	Cd8b1	1.0
1771	4712	4319	Cd8b1	1.0
1758	4747	5252	Trdc	1.0
1779	4279	4269	Cd79a	1.0
1779	4279	4275	Cd79a	1.0
1779	4308	4187	Cd79a	1.0
1771	4732	4280	Cd79a	1.0
1779	4275	4275	Cd79a	1.0
1779	4330	4220	Cd79a	1.0
1771	4663	4290	Cd79a	1.0
1779	4245	4278	Cd79a	1.0
1779	4296	4255	Cd79a	1.0
1771	4732	4260	Cd79a	1.0
1771	4715	4296	Cd79a	1.0
1779	4317	4254	Cd79a	1.0
1771	4684	4297	Cd79a	1.0
1771	4726	4271	Cd79a	1.0
1771	4690	4318	Cd79a	1.0
1771	4703	4269	Cd79a	1.0
1758	4714	5283	Cd79b	1.0
1771	4733	4282	Cd79b	1.0
1771	4690	4329	Cd79b	1.0
1779	4313	4272	Cd79b	1.0
1771	4680	4320	Cd79b	1.0
1771	4693	4246	Cd79b	1.0
1771	4693	4311	Cd79b	1.0
1771	4705	4256	Cd79b	1.0
1771	4677	4331	Cd79b	1.0
1771	4691	4310	Cd79b	1.0
1779	4310	4261	Mzb1	1.0
1779	4324	4197	Mzb1	1.0
1779	4318	4218	Mzb1	1.0
1779	4265	4274	Mzb1	1.0
1771	4664	4297	Cd27	1.0
1779	4255	4275	Sdc1	1.0
1779	4316	4189	Sdc1	1.0
1779	4322	4213	Sdc1	1.0
1758	4698	5274	Sdc1	1.0
1771	4662	4303	Ms4a1	1.0
1771	4680	4289	Ms4a1	1.0
1771	4667	4274	Ighd	1.0
1771	4729	4290	Ighd	1.0
1771	4656	4301	Ighd	1.0
1771	4668	4296	Ighd	1.0
1771	4712	4284	Ighd	1.0
1771	4671	4266	Ighd	1.0
1771	4680	4266	Ighd	1.0
1771	4689	4274	Ighd	1.0
1771	4701	4294	Ighd	1.0
1771	4690	4273	Ighd	1.0
1771	4729	4272	Ighd	1.0
1771	4663	4273	Ighd	1.0
1771	4684	4268	Ighd	1.0
1771	4683	4268	Ighd	1.0
1771	4704	4250	Ighd	1.0
1758	4794	5250	Fcgr4	1.0
1758	4795	5259	Fcgr4	1.0
1758	4816	5255	Fcgr4	1.0
1758	4817	5244	Fcgr4	1.0
1758	4775	5265	Fcgr4	1.0
1758	4700	5271	Fcgr4	1.0
1771	4707	4303	Cd34	2.0
1771	4707	4303	Cd34	2.0
1758	4803	5244	Cd34	1.0
1779	4321	4215	Itgam	1.0
1779	4301	4268	Itgam	1.0
1758	4802	5266	Kit	1.0
1758	4744	5242	Kit	1.0
1758	4739	5220	Kit	1.0
1758	4811	5241	Kit	1.0
1779	4313	4272	Kit	1.0
1779	4325	4215	Kit	1.0
1758	4810	5242	Kit	1.0
1758	4703	5224	Kit	1.0
1758	4777	5274	Kit	1.0
1758	4738	5276	Kit	1.0
1758	4810	5240	Kit	1.0
1771	4717	4245	H2-Eb1	1.0
1771	4729	4292	H2-Eb1	1.0
1758	4788	5255	H2-Eb1	1.0
1758	4804	5242	H2-Eb1	1.0
1758	4807	5251	H2-Eb1	1.0
1758	4813	5249	H2-Eb1	1.0
1779	4292	4275	H2-Eb1	1.0
1779	4317	4195	H2-Eb1	1.0
1779	4319	4266	H2-Eb1	1.0
1771	4713	4238	H2-Eb1	1.0
1758	4812	5247	H2-Eb1	1.0
1779	4293	4280	H2-Eb1	1.0
1779	4308	4257	H2-Eb1	1.0
1779	4319	4263	H2-Eb1	1.0
1779	4322	4226	H2-Eb1	1.0
1771	4690	4285	H2-Eb1	1.0
1771	4728	4254	H2-Eb1	1.0
1758	4739	5223	H2-Eb1	1.0
1758	4790	5247	H2-Eb1	1.0
1758	4795	5259	H2-Eb1	1.0
1779	4290	4281	H2-Eb1	1.0
1779	4296	4277	H2-Eb1	1.0
1779	4300	4265	H2-Eb1	1.0
1779	4307	4265	H2-Eb1	1.0
1779	4311	4220	H2-Eb1	1.0
1779	4310	4269	H2-Eb1	1.0
1779	4319	4264	H2-Eb1	1.0
1779	4320	4203	H2-Eb1	1.0
1771	4733	4258	H2-Eb1	1.0
1758	4747	5223	H2-Eb1	1.0
1758	4752	5205	H2-Eb1	1.0
1758	4782	5234	H2-Eb1	1.0
1758	4793	5230	H2-Eb1	1.0
1758	4798	5255	H2-Eb1	1.0
1779	4305	4268	H2-Eb1	1.0
1758	4720	5225	H2-Eb1	1.0
1758	4728	5220	H2-Eb1	1.0
1758	4746	5221	H2-Eb1	1.0
1758	4752	5216	H2-Eb1	2.0
1758	4775	5232	H2-Eb1	1.0
1758	4781	5229	H2-Eb1	2.0
1758	4785	5253	H2-Eb1	1.0
1758	4728	5218	H2-Eb1	1.0
1758	4752	5216	H2-Eb1	2.0
1758	4767	5255	H2-Eb1	1.0
1758	4774	5240	H2-Eb1	1.0
1758	4781	5229	H2-Eb1	2.0
1758	4785	5260	H2-Eb1	1.0
1758	4802	5263	H2-Eb1	1.0
1779	4306	4269	H2-Eb1	1.0
1758	4701	5224	H2-Eb1	1.0
1771	4715	4288	H2-Eb1	1.0
1758	4767	5256	H2-Eb1	2.0
1758	4771	5247	H2-Eb1	2.0
1758	4774	5257	H2-Eb1	1.0
1758	4775	5239	H2-Eb1	1.0
1758	4767	5258	H2-Eb1	1.0
1758	4771	5247	H2-Eb1	2.0
1758	4802	5264	H2-Eb1	1.0
1758	4714	5209	H2-Eb1	1.0
1758	4767	5256	H2-Eb1	2.0
1758	4701	5241	Vcan	1.0
1758	4811	5232	Vcan	1.0
1758	4788	5243	C1qb	1.0
1758	4793	5262	C1qb	1.0
1758	4801	5237	C1qb	1.0
1758	4806	5249	C1qb	1.0
1758	4790	5229	C1qb	1.0
1758	4803	5254	C1qb	1.0
1758	4807	5267	C1qb	1.0
1779	4295	4251	C1qb	1.0
1758	4785	5249	C1qb	1.0
1758	4767	5241	C1qb	1.0
1758	4768	5232	C1qb	1.0
1758	4784	5235	C1qb	1.0
1758	4757	5246	C1qb	1.0
1758	4761	5232	C1qb	1.0
1758	4778	5257	C1qb	1.0
1758	4734	5198	C1qb	1.0
1758	4738	5200	C1qb	1.0
1758	4769	5251	C1qb	1.0
1758	4698	5277	Il7r	1.0
1758	4732	5304	Il7r	1.0
1771	4703	4312	Il7r	1.0
1758	4735	5288	Il7r	1.0
1771	4703	4310	Il7r	1.0
1758	4711	5260	Il7r	1.0
1758	4730	5304	Il7r	1.0
1758	4710	5259	Il7r	1.0
1779	4309	4222	Il7r	1.0
1771	4676	4321	Nkg7	1.0
1758	4695	5276	Nkg7	1.0
1758	4803	5273	Nkg7	1.0
1758	4753	5274	Nkg7	1.0
1758	4733	5304	Nkg7	1.0
1758	4736	5277	Nkg7	1.0
1758	4814	5245	Cmc1	1.0
1758	4797	5248	Cd14	1.0
1758	4806	5238	Cd14	1.0
1758	4786	5233	C1qc	1.0
1758	4787	5251	C1qc	1.0
1758	4793	5237	C1qc	1.0
1758	4793	5259	C1qc	1.0
1758	4809	5248	C1qc	1.0
1758	4785	5252	C1qc	1.0
1758	4794	5258	C1qc	1.0
1758	4789	5236	C1qc	1.0
1758	4760	5248	C1qc	1.0
1758	4775	5236	C1qc	1.0
1758	4761	5252	C1qc	1.0
1758	4763	5230	C1qc	1.0
1758	4746	5206	C1qc	1.0
1758	4757	5240	C1qc	1.0
1758	4747	5219	C1qc	1.0
1758	4772	5204	Prf1	1.0
1758	4734	5220	Cadm1	1.0
1758	4742	5203	Cadm1	1.0
1758	4741	5201	Cadm1	1.0
1758	4748	5210	Cadm1	1.0
1758	4767	5234	Cadm1	1.0
1758	4790	5264	Cadm1	1.0
1758	4741	5196	Cadm1	1.0
1779	4311	4224	Clec4a2	1.0
1758	4818	5245	Tnfrsf21	1.0
1758	4728	5246	Tnfrsf21	1.0
1758	4772	5271	Tnfrsf21	1.0
1771	4727	4280	Gpr18	1.0
1758	4796	5277	Gpbar1	1.0
1779	4324	4224	Cysltr1	1.0
1758	4709	5227	Cysltr1	1.0
1771	4727	4250	Cysltr2	1.0
1771	4707	4246	Ffar1	1.0
1779	4319	4199	Ffar2	1.0
1758	4758	5206	Ffar2	1.0
1779	4285	4284	Ffar2	1.0
1758	4717	5267	Ffar2	1.0
1758	4702	5261	Ffar2	1.0
1758	4799	5269	Ffar3	1.0
1758	4815	5245	Gpr31b	1.0
1758	4787	5240	Gpr31b	1.0
1758	4800	5255	Gpr31b	1.0
1758	4809	5245	Gpr31b	1.0
1779	4297	4279	Gpr31b	1.0
1758	4701	5241	Gpr31b	1.0
1758	4755	5215	Ltb4r1	1.0
1758	4715	5285	Ltb4r1	1.0
1758	4707	5237	Lpar1	1.0
1758	4793	5266	Lpar1	1.0
1771	4744	4307	Lpar1	1.0
1779	4311	4264	Lpar1	1.0
1758	4736	5194	Lpar3	1.0
1779	4315	4231	Lpar5	1.0
1771	4680	4292	Lpar6	1.0
1758	4732	5261	Gpr55	1.0
1758	4796	5265	Gpr55	1.0
1758	4760	5252	Gpr55	1.0
1779	4318	4204	Gpr55	1.0
1779	4326	4216	Gpr55	1.0
1758	4754	5279	Gpr55	1.0
1758	4763	5202	Gpr55	1.0
1779	4302	4260	Gpr55	1.0
1758	4708	5284	Gpr55	1.0
1758	4768	5279	Gpr55	1.0
1758	4773	5265	Gpr55	1.0
1758	4716	5203	P2ry10	1.0
1758	4753	5269	P2ry10b	1.0
1771	4758	4237	Ptger2	1.0
1758	4749	5293	Ptger2	1.0
1758	4754	5193	Ptger2	1.0
1771	4739	4306	Ptger3	1.0
1771	4734	4280	Ptger4	1.0
1771	4685	4251	Ptger4	1.0
1771	4695	4250	Ptger4	1.0
1758	4747	5205	Ptger4	1.0
1771	4732	4293	S1pr1	1.0
1771	4677	4327	S1pr1	1.0
1771	4705	4306	S1pr1	1.0
1771	4697	4315	S1pr1	1.0
1758	4736	5199	S1pr2	1.0
1758	4782	5277	S1pr2	1.0
1758	4724	5246	S1pr3	1.0
1758	4709	5233	S1pr3	1.0
1758	4697	5274	S1pr3	1.0
1758	4696	5274	S1pr3	1.0
1771	4686	4283	S1pr4	1.0
1758	4701	5253	S1pr4	1.0
1758	4704	5248	S1pr4	1.0
1771	4755	4290	S1pr4	1.0
1771	4744	4304	Tbxa2r	1.0
1771	4697	4316	Tbxa2r	1.0
1758	4712	5233	Fzd1	1.0
1779	4320	4258	Fzd7	1.0
1779	4336	4211	Fzd7	1.0
1758	4766	5206	Fzd7	1.0
1758	4767	5214	Fzd7	1.0
1758	4775	5279	Fzd3	1.0
1771	4747	4300	Fzd4	1.0
1771	4743	4268	Fzd4	1.0
1758	4732	5287	Fzd5	1.0
1771	4730	4263	Fzd5	1.0
1771	4732	4283	Fzd5	1.0
1771	4714	4248	Fzd5	1.0
1758	4799	5215	Fzd6	1.0
1758	4714	5234	Smo	1.0
1758	4766	5198	Smo	1.0
1758	4766	5199	Smo	1.0
1771	4711	4295	Adrb2	1.0
1758	4787	5257	Htr5a	1.0
1758	4721	5210	Htr7	1.0
1758	4711	5215	Htr7	1.0
1758	4747	5215	Sstr3	1.0
1771	4697	4250	Sstr4	1.0
1758	4791	5283	Glp2r	1.0
1758	4763	5280	Glp2r	1.0
1758	4799	5260	Glp2r	1.0
1758	4762	5280	Glp2r	1.0
1758	4770	5293	Glp2r	1.0
1758	4788	5224	Glp2r	1.0
2239	3314	4203	Slc51a	1.0
2239	3295	4233	Slc51a	1.0
2239	3355	4193	Slc51a	1.0
2239	3346	4210	Slc51a	1.0
2239	3293	4170	Slc51a	1.0
2239	3337	4213	Maoa	1.0
2239	3354	4201	Maoa	1.0
2239	3263	4213	Cps1	1.0
2239	3285	4221	Cps1	1.0
2239	3289	4235	Cps1	1.0
2239	3293	4204	Cps1	1.0
2239	3293	4229	Cps1	1.0
2239	3297	4209	Cps1	1.0
2239	3309	4213	Cps1	1.0
2239	3334	4196	Cps1	1.0
2239	3345	4194	Cps1	1.0
2239	3270	4230	Cps1	1.0
2239	3275	4211	Cps1	1.0
2239	3347	4203	Cps1	1.0
2239	3277	4218	Cps1	1.0
2239	3315	4196	Cps1	1.0
2239	3319	4225	Cps1	1.0
2239	3353	4207	Cps1	1.0
2239	3266	4155	Txndc5	1.0
2239	3311	4122	Txndc5	1.0
2239	3272	4146	Txndc5	1.0
2239	3287	4229	Txndc5	1.0
2239	3290	4147	Txndc5	1.0
2239	3298	4139	Txndc5	1.0
2239	3307	4135	Txndc5	1.0
2239	3372	4170	Txndc5	1.0
2239	3263	4144	Txndc5	1.0
2239	3294	4162	Txndc5	1.0
2239	3296	4146	Txndc5	1.0
2239	3327	4117	Txndc5	1.0
2239	3253	4162	Txndc5	1.0
2239	3266	4163	Txndc5	1.0
2239	3266	4142	Txndc5	1.0
2239	3281	4160	Txndc5	1.0
2239	3291	4165	Txndc5	1.0
2239	3254	4132	Txndc5	1.0
2239	3256	4121	Txndc5	1.0
2239	3289	4225	Txndc5	1.0
2239	3360	4128	Txndc5	1.0
2239	3358	4127	Txndc5	1.0
2239	3323	4156	Txndc5	1.0
2239	3326	4207	Txndc5	1.0
2239	3312	4157	Txndc5	1.0
2239	3307	4166	Txndc5	1.0
2239	3281	4232	Klk1	1.0
2239	3256	4213	Clca3b	1.0
2239	3271	4213	Clca3b	1.0
2239	3300	4224	Clca3b	1.0
2239	3304	4207	Clca3b	1.0
2239	3321	4201	Clca3b	1.0
2239	3338	4223	Clca3b	1.0
2239	3363	4189	Clca3b	1.0
2239	3307	4211	Clca3b	1.0
2239	3304	4223	Clca3b	1.0
2239	3329	4152	Mptx2	1.0
2239	3342	4156	Jaml	1.0
2239	3323	4210	Krt7	1.0
2239	3293	4193	Sox4	1.0
2239	3345	4157	Sox4	1.0
2239	3361	4162	Sox4	1.0
2239	3239	4183	Pzp	1.0
2239	3308	4138	Cd44	1.0
2239	3308	4144	Cd44	1.0
2239	3354	4162	Cd44	1.0
2239	3332	4124	Cd44	1.0
2239	3371	4155	Cd44	1.0
2239	3269	4196	Cd44	1.0
2239	3284	4186	Cd44	1.0
2239	3282	4226	Cd44	1.0
2239	3334	4211	Cd44	1.0
2239	3322	4109	Etv1	1.0
2239	3318	4153	Etv1	1.0
2239	3274	4190	Etv1	1.0
2239	3311	4131	Maged2	1.0
2239	3321	4217	Acsl1	1.0
2239	3306	4121	Gper1	1.0
2239	3337	4213	Apob	1.0
2239	3293	4230	Apob	1.0
2239	3320	4221	Net1	1.0
2239	3327	4222	Net1	1.0
2239	3317	4212	Net1	1.0
2239	3337	4206	Net1	1.0
2239	3354	4199	Net1	1.0
2239	3363	4197	Net1	1.0
2239	3354	4198	Net1	1.0
2239	3355	4206	Net1	1.0
2239	3360	4205	Net1	1.0
2239	3355	4201	Net1	1.0
2239	3360	4206	Net1	1.0
2239	3382	4152	Ccnl2	1.0
2239	3346	4135	Neat1	1.0
2239	3340	4127	Neat1	1.0
2239	3349	4142	Neat1	1.0
2239	3361	4151	Neat1	1.0
2239	3326	4161	Neat1	1.0
2239	3337	4158	Neat1	2.0
2239	3337	4158	Neat1	2.0
2239	3268	4200	Slc5a1	1.0
2239	3275	4221	Slc5a1	1.0
2239	3356	4194	Slc5a1	1.0
2239	3298	4217	Slc5a1	1.0
2239	3282	4205	Nlrp6	1.0
2239	3287	4231	Nlrp6	1.0
2239	3317	4208	Nlrp6	1.0
2239	3355	4187	Nlrp6	1.0
2239	3274	4215	Nlrp6	1.0
2239	3321	4223	Nlrp6	1.0
2239	3336	4200	Nlrp6	1.0
2239	3355	4207	Nlrp6	1.0
2239	3281	4225	Nlrp6	1.0
2239	3299	4233	Nlrp6	1.0
2239	3315	4227	Nlrp6	1.0
2239	3321	4206	Mki67	1.0
2239	3284	4231	Stmn1	1.0
2239	3322	4137	Marcksl1	1.0
2239	3328	4105	Vim	1.0
2239	3323	4144	Vim	1.0
2239	3274	4197	Vim	1.0
2239	3340	4116	Vim	1.0
2239	3364	4167	Vim	1.0
2239	3255	4144	Vim	1.0
2239	3305	4207	Vim	1.0
2239	3278	4228	Vim	1.0
2239	3294	4226	Vim	1.0
2239	3325	4223	Vim	1.0
2239	3335	4118	Vim	1.0
2239	3330	4155	Acta2	1.0
2239	3243	4176	Acta2	1.0
2239	3249	4135	Acta2	1.0
2239	3323	4194	Acta2	1.0
2239	3351	4161	Acta2	1.0
2239	3246	4150	Acta2	1.0
2239	3290	4217	Acta2	1.0
2239	3338	4117	Acta2	1.0
2239	3372	4139	Acta2	1.0
2239	3245	4205	Acta2	1.0
2239	3305	4212	Acta2	1.0
2239	3257	4127	Cd4	1.0
2239	3304	4179	Cd4	1.0
2239	3314	4219	Ifnar1	1.0
2239	3242	4168	Ifnar1	1.0
2239	3268	4231	Ifnar1	1.0
2239	3337	4125	Itgae	1.0
2239	3311	4147	Cd79a	1.0
2239	3312	4190	Cd79a	1.0
2239	3300	4211	Cd79a	1.0
2239	3338	4180	Cd79a	1.0
2239	3292	4138	Cd79b	1.0
2239	3261	4149	Mzb1	1.0
2239	3264	4178	Mzb1	1.0
2239	3268	4142	Mzb1	1.0
2239	3305	4148	Mzb1	1.0
2239	3263	4143	Mzb1	1.0
2239	3302	4137	Mzb1	1.0
2239	3259	4117	Mzb1	1.0
2239	3335	4192	Mzb1	1.0
2239	3246	4180	Mzb1	1.0
2239	3308	4199	Mzb1	1.0
2239	3293	4216	Sdc1	1.0
2239	3346	4207	Sdc1	1.0
2239	3285	4171	Sdc1	1.0
2239	3296	4158	Sdc1	1.0
2239	3312	4140	Sdc1	1.0
2239	3252	4123	Sdc1	1.0
2239	3322	4179	Sdc1	1.0
2239	3293	4166	Sdc1	1.0
2239	3307	4194	Sdc1	1.0
2239	3324	4140	Sdc1	1.0
2239	3287	4153	Sdc1	1.0
2239	3340	4164	Sdc1	1.0
2239	3311	4136	Cd34	1.0
2239	3369	4192	Itgam	1.0
2239	3318	4221	Itgam	1.0
2239	3302	4234	Itgam	1.0
2239	3338	4219	Itgam	1.0
2239	3303	4156	H2-Eb1	1.0
2239	3298	4220	H2-Eb1	1.0
2239	3315	4121	H2-Eb1	1.0
2239	3316	4171	H2-Eb1	1.0
2239	3309	4168	H2-Eb1	1.0
2239	3315	4219	Vcan	1.0
2239	3301	4133	Fcer1a	1.0
2239	3314	4177	C1qc	1.0
2239	3316	4166	C1qc	1.0
2239	3254	4152	Tnfrsf21	1.0
2239	3244	4155	Lpar1	1.0
2239	3351	4177	Lpar1	1.0
2239	3274	4200	Lpar1	1.0
2239	3321	4200	Lpar1	1.0
2239	3295	4217	Lpar1	1.0
2239	3344	4212	Lpar1	1.0
2239	3343	4212	Lpar1	1.0
2239	3368	4141	Lpar3	1.0
2239	3338	4143	Lpar6	1.0
2239	3263	4165	Gpr55	1.0
2239	3360	4207	Gpr55	1.0
2239	3313	4202	Ptger1	1.0
2239	3281	4171	Ptger4	1.0
2239	3249	4166	S1pr2	1.0
2239	3381	4146	Fzd1	1.0
2239	3260	4180	Fzd7	1.0
2239	3336	4176	Fzd7	1.0
2239	3360	4201	Fzd3	1.0
2239	3239	4172	Fzd5	1.0
2239	3309	4181	Smo	1.0
2239	3271	4202	Smo	1.0
2239	3352	4126	Smo	1.0
2239	3352	4127	Smo	1.0
2239	3370	4137	Smo	1.0
2239	3344	4156	Adrb1	1.0
2239	3263	4169	Taar7a	1.0
2239	3270	4150	Cckar	1.0
3049	5416	1614	Slc51a	1.0
3049	5408	1600	Slc51a	1.0
3074	4251	1053	Maoa	1.0
3075	5001	1387	Maoa	1.0
3076	5209	1378	Maoa	1.0
3074	4204	1102	Txndc5	1.0
3100	4304	1274	Txndc5	1.0
3100	4322	1289	Txndc5	1.0
3100	4347	1293	Txndc5	1.0
3120	4937	1319	Txndc5	1.0
3123	4970	1190	Txndc5	1.0
3075	4972	1326	Txndc5	1.0
3075	4971	1335	Txndc5	1.0
3075	4979	1339	Txndc5	1.0
3120	4992	1257	Txndc5	1.0
3075	5015	1317	Txndc5	1.0
3120	5043	1287	Txndc5	1.0
3120	5048	1271	Txndc5	1.0
3075	5052	1315	Txndc5	1.0
3075	5056	1431	Txndc5	1.0
3076	5235	1423	Txndc5	1.0
3135	5383	1490	Txndc5	1.0
3135	5396	1380	Txndc5	1.0
3074	4213	1111	Txndc5	1.0
3100	4327	1264	Txndc5	1.0
3100	4339	1292	Txndc5	1.0
3100	4345	1294	Txndc5	1.0
3144	4637	1167	Txndc5	1.0
3030	4856	1323	Txndc5	1.0
3030	4867	1342	Txndc5	1.0
3147	4905	1240	Txndc5	1.0
3147	4911	1296	Txndc5	1.0
3120	4939	1306	Txndc5	1.0
3120	4948	1299	Txndc5	1.0
3120	4951	1322	Txndc5	1.0
3123	4953	1175	Txndc5	1.0
3075	4975	1326	Txndc5	1.0
3124	5041	1574	Txndc5	1.0
3075	5068	1381	Txndc5	1.0
3133	5270	1454	Txndc5	1.0
3049	5339	1533	Txndc5	1.0
3135	5385	1452	Txndc5	1.0
3153	5428	1515	Txndc5	1.0
3100	4317	1284	Txndc5	1.0
3144	4665	1111	Txndc5	1.0
3144	4678	1107	Txndc5	1.0
3144	4681	1100	Txndc5	1.0
3144	4687	1112	Txndc5	1.0
3147	4928	1307	Txndc5	1.0
3120	4946	1309	Txndc5	1.0
3123	4953	1188	Txndc5	1.0
3075	5009	1423	Txndc5	1.0
3075	5028	1312	Txndc5	1.0
3124	5035	1571	Txndc5	1.0
3124	5043	1575	Txndc5	1.0
3075	5063	1291	Txndc5	1.0
3076	5177	1414	Txndc5	1.0
3135	5361	1489	Txndc5	1.0
3135	5368	1479	Txndc5	1.0
3135	5377	1461	Txndc5	1.0
3135	5386	1488	Txndc5	1.0
3135	5389	1461	Txndc5	1.0
3135	5395	1373	Txndc5	1.0
3049	5397	1578	Txndc5	1.0
3135	5398	1385	Txndc5	1.0
3074	4270	1056	Txndc5	1.0
3144	4671	1107	Txndc5	1.0
3144	4683	1092	Txndc5	1.0
3030	4853	1333	Txndc5	1.0
3147	4885	1202	Txndc5	1.0
3123	4964	1189	Txndc5	1.0
3075	5063	1313	Txndc5	1.0
3149	5124	1357	Txndc5	1.0
3076	5184	1421	Txndc5	1.0
3133	5290	1461	Txndc5	1.0
3135	5324	1459	Txndc5	1.0
3049	5365	1567	Txndc5	1.0
3135	5367	1491	Txndc5	1.0
3135	5369	1428	Txndc5	1.0
3135	5385	1376	Txndc5	1.0
3135	5386	1482	Txndc5	1.0
3135	5407	1395	Txndc5	1.0
3049	5439	1584	Txndc5	1.0
3049	5443	1582	Txndc5	1.0
3144	4646	1101	Txndc5	1.0
3144	4669	1108	Txndc5	1.0
3144	4679	1094	Txndc5	1.0
3144	4691	1109	Txndc5	1.0
3144	4697	1092	Txndc5	1.0
3144	4705	1124	Txndc5	1.0
3124	5026	1568	Txndc5	1.0
3135	5348	1482	Txndc5	1.0
3153	5373	1506	Txndc5	1.0
3049	5374	1570	Txndc5	1.0
3135	5388	1399	Txndc5	1.0
3135	5407	1478	Txndc5	1.0
3153	5410	1501	Txndc5	1.0
3100	4367	1371	Txndc5	1.0
3144	4613	1187	Txndc5	1.0
3144	4669	1071	Txndc5	1.0
3144	4670	1108	Txndc5	1.0
3144	4685	1089	Txndc5	1.0
3076	5134	1402	Txndc5	1.0
3135	5348	1363	Txndc5	1.0
3153	5389	1504	Txndc5	1.0
3153	5397	1510	Txndc5	1.0
3153	5407	1500	Txndc5	1.0
3100	4380	1368	Txndc5	1.0
3100	4389	1365	Txndc5	1.0
3075	5061	1386	Txndc5	1.0
3149	5115	1333	Txndc5	1.0
3135	5351	1363	Txndc5	1.0
3135	5360	1398	Txndc5	1.0
3135	5390	1491	Txndc5	1.0
3153	5435	1498	Txndc5	1.0
3162	5610	1320	Txndc5	2.0
3100	4314	1332	Txndc5	1.0
3162	5568	1372	Txndc5	1.0
3162	5610	1320	Txndc5	2.0
3150	5124	1430	Txndc5	1.0
3133	5287	1410	Txndc5	1.0
3153	5438	1475	Slc12a2	1.0
3100	4362	1357	Slc12a2	1.0
3120	5045	1299	Slc12a2	1.0
3076	5182	1365	Slc12a2	1.0
3153	5430	1477	Slc12a2	1.0
3074	4225	1078	Slc12a2	1.0
3135	5401	1427	Slc12a2	1.0
3074	4262	1080	Slc12a2	1.0
3076	5237	1349	Slc12a2	1.0
3135	5401	1426	Slc12a2	1.0
3100	4310	1293	Slc12a2	1.0
3100	4345	1322	Slc12a2	1.0
3100	4358	1236	Slc12a2	1.0
3100	4393	1336	Slc12a2	1.0
3100	4392	1336	Slc12a2	1.0
3100	4349	1333	Slc12a2	1.0
3100	4375	1352	Slc12a2	1.0
3144	4658	1150	Jaml	1.0
3144	4662	1137	Jaml	1.0
3144	4663	1136	Jaml	1.0
3049	5348	1584	Jaml	1.0
3135	5350	1470	Jaml	1.0
3135	5427	1481	Jaml	1.0
3144	4657	1113	Jaml	1.0
3147	4880	1204	Jaml	1.0
3135	5364	1471	Jaml	1.0
3135	5386	1481	Jaml	1.0
3135	5367	1476	Jaml	1.0
3135	5378	1477	Jaml	1.0
3049	5394	1587	Jaml	1.0
3049	5343	1564	Jaml	1.0
3135	5382	1454	Jaml	1.0
3100	4316	1337	Jaml	1.0
3100	4319	1330	Jaml	1.0
3100	4332	1353	Jaml	1.0
3100	4340	1352	Jaml	1.0
3135	5380	1374	Lrmp	1.0
3135	5418	1405	Lrmp	1.0
3144	4634	1195	Lrmp	1.0
3076	5210	1416	Lrmp	1.0
3153	5381	1496	Lrmp	1.0
3135	5393	1424	Lrmp	1.0
3135	5321	1433	Lrmp	1.0
3135	5401	1390	Lrmp	1.0
3135	5401	1397	Lrmp	1.0
3135	5410	1392	Lrmp	1.0
3135	5416	1391	Lrmp	1.0
3144	4668	1128	Lrmp	1.0
3076	5215	1436	Lrmp	1.0
3135	5401	1403	Lrmp	1.0
3135	5414	1392	Lrmp	1.0
3147	4922	1284	Lrmp	1.0
3120	5051	1286	Lrmp	1.0
3133	5302	1432	Lrmp	1.0
3135	5314	1433	Lrmp	1.0
3135	5337	1414	Lrmp	1.0
3135	5351	1414	Lrmp	1.0
3153	5432	1499	Lrmp	1.0
3120	4994	1268	Lrmp	1.0
3075	5031	1364	Lrmp	1.0
3147	4917	1294	Lrmp	1.0
3076	5167	1402	Lrmp	1.0
3147	4918	1294	Lrmp	1.0
3075	5036	1400	Lrmp	1.0
3076	5183	1353	Tm4sf4	1.0
3135	5373	1473	Tm4sf4	1.0
3135	5332	1397	Tspan13	1.0
3144	4669	1193	Rcor2	1.0
3075	5076	1359	Rcor2	1.0
3135	5382	1424	Sox4	1.0
3135	5367	1378	Sox4	1.0
3076	5271	1402	Sox4	1.0
3076	5128	1400	Hhex	1.0
3144	4657	1147	Hhex	1.0
3135	5371	1443	Hhex	1.0
3100	4370	1258	Hhex	1.0
3075	4983	1382	Hhex	1.0
3076	5214	1401	Hhex	2.0
3076	5160	1377	Hhex	1.0
3076	5214	1401	Hhex	2.0
3133	5268	1439	Hhex	1.0
3075	5059	1372	Hhex	1.0
3076	5204	1358	Hhex	1.0
3135	5394	1491	Rgs4	1.0
3049	5345	1570	Rgs4	1.0
3074	4199	1093	Adgrf5	1.0
3074	4294	1072	Adgrf5	1.0
3100	4358	1340	Adgrf5	1.0
3144	4657	1114	Adgrf5	1.0
3075	5025	1384	Adgrf5	1.0
3074	4201	1078	Adgrf5	1.0
3074	4200	1093	Adgrf5	1.0
3075	5012	1358	Adgrf5	1.0
3074	4214	1093	Adgrf5	1.0
3074	4234	1097	Adgrf5	1.0
3074	4286	1072	Adgrf5	1.0
3100	4350	1290	Adgrf5	1.0
3100	4357	1258	Adgrf5	1.0
3100	4365	1253	Adgrf5	1.0
3120	5000	1277	Adgrf5	1.0
3049	5420	1584	Adgrf5	1.0
3074	4222	1075	Adgrf5	1.0
3074	4227	1086	Adgrf5	1.0
3074	4246	1081	Adgrf5	1.0
3100	4352	1244	Adgrf5	1.0
3144	4649	1064	Adgrf5	1.0
3147	4885	1222	Adgrf5	1.0
3076	5183	1374	Adgrf5	1.0
3162	5570	1225	Adgrf5	1.0
3162	5588	1240	Adgrf5	1.0
3162	5604	1245	Adgrf5	1.0
3074	4245	1082	Adgrf5	1.0
3100	4315	1260	Adgrf5	1.0
3100	4343	1319	Adgrf5	1.0
3100	4381	1328	Adgrf5	1.0
3144	4640	1067	Adgrf5	1.0
3075	5020	1334	Adgrf5	2.0
3076	5144	1362	Adgrf5	1.0
3153	5355	1496	Adgrf5	1.0
3162	5587	1243	Adgrf5	1.0
3162	5610	1253	Adgrf5	1.0
3100	4326	1254	Adgrf5	1.0
3100	4345	1320	Adgrf5	1.0
3100	4374	1248	Adgrf5	1.0
3120	5007	1302	Adgrf5	1.0
3075	5020	1334	Adgrf5	2.0
3100	4343	1324	Adgrf5	1.0
3100	4350	1317	Adgrf5	1.0
3100	4366	1243	Adgrf5	1.0
3100	4389	1336	Adgrf5	1.0
3075	4990	1384	Adgrf5	1.0
3076	5189	1368	Adgrf5	1.0
3162	5609	1257	Adgrf5	1.0
3100	4347	1319	Adgrf5	1.0
3100	4351	1296	Adgrf5	1.0
3100	4383	1347	Adgrf5	1.0
3075	5058	1350	Scn3a	1.0
3075	5009	1336	Scn3a	1.0
3030	4839	1340	Cd44	1.0
3147	4873	1205	Cd44	1.0
3123	4975	1193	Cd44	1.0
3124	5025	1595	Cd44	1.0
3124	5039	1568	Cd44	1.0
3075	5051	1320	Cd44	1.0
3075	5082	1337	Cd44	1.0
3076	5213	1371	Cd44	1.0
3074	4219	1136	Cd44	1.0
3074	4229	1124	Cd44	1.0
3030	4841	1327	Cd44	1.0
3030	4848	1343	Cd44	1.0
3124	5025	1570	Cd44	1.0
3075	5089	1331	Cd44	1.0
3149	5135	1360	Cd44	1.0
3100	4298	1284	Cd44	1.0
3144	4643	1114	Cd44	1.0
3144	4695	1125	Cd44	1.0
3123	4972	1178	Cd44	1.0
3075	5095	1331	Cd44	1.0
3150	5116	1411	Cd44	1.0
3074	4202	1078	Cd44	1.0
3074	4245	1057	Cd44	1.0
3074	4261	1057	Cd44	1.0
3144	4661	1097	Cd44	1.0
3075	5032	1412	Cd44	1.0
3049	5345	1548	Cd44	1.0
3049	5370	1581	Cd44	1.0
3135	5371	1474	Cd44	1.0
3153	5402	1507	Cd44	1.0
3153	5442	1472	Cd44	1.0
3161	5486	1500	Cd44	1.0
3074	4185	1093	Cd44	1.0
3074	4208	1080	Cd44	1.0
3074	4245	1058	Cd44	1.0
3144	4620	1182	Cd44	1.0
3144	4662	1098	Cd44	1.0
3120	5051	1277	Cd44	1.0
3133	5286	1454	Cd44	1.0
3161	5464	1488	Cd44	1.0
3161	5486	1501	Cd44	1.0
3074	4243	1060	Cd44	1.0
3076	5171	1334	Cd44	1.0
3135	5375	1471	Cd44	1.0
3049	5388	1572	Cd44	1.0
3100	4363	1236	Cd44	1.0
3100	4374	1325	Cd44	1.0
3135	5368	1442	Cd44	1.0
3150	5120	1410	Cd44	1.0
3135	5344	1382	Cd44	1.0
3124	5037	1606	Cd44	1.0
3135	5374	1457	Cd44	1.0
3074	4202	1078	Scarb1	1.0
3074	4258	1084	Scarb1	1.0
3049	5343	1595	Scarb1	1.0
3074	4199	1091	Scarb1	1.0
3074	4219	1094	Scarb1	1.0
3100	4360	1337	Scarb1	1.0
3144	4665	1096	Scarb1	1.0
3100	4369	1323	Scarb1	1.0
3144	4666	1095	Scarb1	1.0
3074	4227	1072	Scarb1	1.0
3074	4280	1087	Scarb1	1.0
3100	4339	1273	Scarb1	1.0
3100	4355	1328	Scarb1	1.0
3144	4666	1079	Scarb1	1.0
3100	4351	1258	Scarb1	1.0
3100	4356	1327	Scarb1	1.0
3144	4633	1069	Scarb1	1.0
3135	5368	1462	Scarb1	1.0
3100	4373	1320	Scarb1	1.0
3144	4604	1174	Scarb1	1.0
3049	5414	1599	Scarb1	1.0
3074	4256	1052	Scarb1	1.0
3100	4340	1304	Scarb1	1.0
3100	4347	1281	Scarb1	1.0
3135	5372	1434	Scarb1	1.0
3100	4378	1343	Scarb1	1.0
3100	4339	1272	Scarb1	1.0
3135	5324	1415	Cnr1	1.0
3135	5436	1431	Cnr1	1.0
3144	4644	1122	Etv1	1.0
3030	4836	1360	Etv1	1.0
3076	5268	1374	Pax6	1.0
3144	4704	1140	Adgrd1	1.0
3135	5383	1462	Adgrd1	1.0
3076	5204	1340	Nt5e	1.0
3135	5357	1377	Nt5e	1.0
3120	4980	1282	Maged2	1.0
3049	5343	1551	Maged2	1.0
3076	5182	1362	Maged2	1.0
3074	4186	1094	Maged2	1.0
3147	4911	1244	Maged2	1.0
3162	5591	1238	Maged2	1.0
3076	5221	1376	Acsl1	1.0
3153	5436	1480	Acsl1	1.0
3074	4249	1052	Acsl1	1.0
3100	4349	1257	Gper1	1.0
3135	5318	1434	Lct	1.0
3075	5013	1338	Lct	1.0
3135	5373	1479	Lct	1.0
3144	4645	1089	Ccnl2	1.0
3144	4666	1201	Ccnl2	1.0
3049	5394	1595	Ccnl2	1.0
3162	5613	1325	Ccnl2	1.0
3144	4609	1185	Ccnl2	1.0
3149	5115	1360	Ccnl2	1.0
3076	5149	1381	Ccnl2	1.0
3135	5401	1369	Ccnl2	1.0
3144	4606	1182	Ccnl2	1.0
3075	4979	1376	Ccnl2	1.0
3075	4999	1324	Ccnl2	1.0
3135	5410	1417	Ccnl2	1.0
3074	4286	1093	Ccnl2	1.0
3144	4648	1205	Ccnl2	1.0
3144	4670	1200	Ccnl2	1.0
3149	5140	1322	Ccnl2	1.0
3075	5061	1372	Ccnl2	1.0
3075	5100	1344	Ccnl2	1.0
3049	5348	1534	Ccnl2	1.0
3135	5348	1488	Ccnl2	1.0
3147	4883	1193	Ada	1.0
3100	4338	1263	Ada	1.0
3075	5066	1389	Ada	1.0
3161	5449	1444	Neat1	1.0
3074	4226	1109	Neat1	1.0
3075	4998	1362	Neat1	1.0
3074	4204	1104	Neat1	1.0
3135	5420	1405	Neat1	1.0
3074	4214	1113	Neat1	1.0
3124	5036	1593	Neat1	1.0
3075	5076	1332	Neat1	1.0
3074	4225	1117	Slc5a1	1.0
3049	5342	1579	Slc5a1	1.0
3049	5408	1624	Slc5a1	1.0
3049	5390	1606	Slc5a1	1.0
3049	5399	1606	Slc5a1	1.0
3049	5408	1613	Slc5a1	1.0
3049	5413	1605	Slc5a1	1.0
3049	5386	1591	Slc5a1	1.0
3049	5408	1607	Slc5a1	1.0
3049	5413	1606	Slc5a1	1.0
3135	5317	1461	Nlrp6	1.0
3135	5409	1479	Nlrp6	1.0
3049	5394	1600	Nlrp6	1.0
3076	5168	1425	Gp2	1.0
3120	4942	1315	Marcksl1	1.0
3120	4981	1307	Ccl9	1.0
3100	4412	1359	Vim	1.0
3147	4885	1225	Vim	1.0
3147	4945	1297	Vim	1.0
3123	4954	1170	Vim	1.0
3120	4956	1299	Vim	1.0
3075	5046	1309	Vim	1.0
3120	5063	1275	Vim	1.0
3075	5065	1317	Vim	1.0
3120	5074	1289	Vim	1.0
3075	5092	1325	Vim	1.0
3076	5190	1340	Vim	1.0
3076	5208	1369	Vim	1.0
3135	5365	1367	Vim	1.0
3153	5443	1462	Vim	1.0
3074	4186	1070	Vim	1.0
3144	4617	1063	Vim	1.0
3147	4950	1287	Vim	1.0
3075	4970	1333	Vim	1.0
3075	5029	1421	Vim	1.0
3075	5047	1308	Vim	1.0
3120	5053	1268	Vim	1.0
3075	5065	1334	Vim	1.0
3135	5326	1385	Vim	1.0
3049	5354	1566	Vim	1.0
3074	4183	1077	Vim	1.0
3100	4343	1246	Vim	1.0
3100	4384	1364	Vim	1.0
3144	4655	1180	Vim	1.0
3147	4924	1301	Vim	1.0
3120	4966	1290	Vim	1.0
3120	4991	1260	Vim	1.0
3075	5028	1346	Vim	1.0
3120	5058	1277	Vim	1.0
3075	5057	1431	Vim	1.0
3075	5067	1307	Vim	1.0
3075	5080	1318	Vim	1.0
3075	5102	1341	Vim	1.0
3150	5109	1429	Vim	1.0
3076	5193	1339	Vim	1.0
3076	5213	1339	Vim	1.0
3133	5305	1450	Vim	1.0
3153	5427	1474	Vim	1.0
3049	5429	1591	Vim	1.0
3074	4272	1090	Vim	1.0
3100	4336	1323	Vim	1.0
3100	4355	1290	Vim	1.0
3100	4362	1246	Vim	1.0
3100	4373	1254	Vim	1.0
3144	4651	1061	Vim	1.0
3144	4698	1093	Vim	1.0
3147	4910	1283	Vim	1.0
3147	4926	1278	Vim	1.0
3147	4953	1283	Vim	1.0
3075	5024	1399	Vim	1.0
3075	5027	1292	Vim	1.0
3120	5036	1289	Vim	1.0
3076	5151	1348	Vim	1.0
3076	5155	1341	Vim	1.0
3076	5159	1354	Vim	1.0
3076	5195	1361	Vim	1.0
3133	5285	1454	Vim	1.0
3049	5335	1542	Vim	1.0
3135	5342	1358	Vim	1.0
3049	5343	1537	Vim	1.0
3135	5363	1365	Vim	1.0
3049	5382	1599	Vim	1.0
3135	5396	1445	Vim	1.0
3100	4373	1257	Vim	1.0
3075	4972	1331	Vim	1.0
3075	5103	1325	Vim	1.0
3076	5158	1356	Vim	1.0
3049	5338	1546	Vim	1.0
3049	5347	1526	Vim	1.0
3135	5377	1426	Vim	1.0
3135	5384	1452	Vim	1.0
3135	5386	1441	Vim	1.0
3135	5440	1434	Vim	1.0
3161	5488	1496	Vim	1.0
3100	4369	1245	Vim	1.0
3124	5039	1565	Vim	1.0
3076	5153	1344	Vim	1.0
3076	5160	1344	Vim	1.0
3135	5324	1443	Vim	1.0
3049	5343	1542	Vim	1.0
3135	5380	1379	Vim	1.0
3049	5416	1589	Vim	1.0
3074	4242	1057	Vim	1.0
3100	4309	1343	Vim	1.0
3100	4326	1321	Vim	1.0
3100	4361	1324	Vim	1.0
3100	4370	1332	Vim	1.0
3144	4666	1074	Vim	1.0
3124	5027	1568	Vim	1.0
3076	5236	1415	Vim	1.0
3133	5283	1443	Vim	1.0
3133	5304	1444	Vim	1.0
3135	5333	1434	Vim	1.0
3135	5341	1430	Vim	1.0
3135	5369	1454	Vim	1.0
3135	5369	1446	Vim	1.0
3049	5385	1561	Vim	1.0
3100	4326	1322	Vim	1.0
3100	4349	1335	Vim	1.0
3149	5119	1379	Vim	1.0
3135	5336	1434	Vim	1.0
3135	5340	1434	Vim	1.0
3135	5364	1446	Vim	1.0
3135	5372	1442	Vim	1.0
3135	5416	1468	Vim	1.0
3100	4333	1343	Vim	1.0
3135	5383	1391	Vim	1.0
3135	5389	1438	Vim	1.0
3147	4923	1264	Acta2	1.0
3120	5034	1277	Acta2	1.0
3120	5039	1280	Acta2	1.0
3075	5067	1326	Acta2	1.0
3076	5171	1353	Acta2	1.0
3076	5239	1363	Acta2	1.0
3135	5415	1451	Acta2	1.0
3075	5032	1421	Acta2	1.0
3075	5035	1431	Acta2	1.0
3149	5123	1342	Acta2	1.0
3076	5230	1336	Acta2	1.0
3120	5054	1273	Acta2	1.0
3149	5153	1319	Acta2	1.0
3076	5187	1359	Acta2	1.0
3135	5382	1453	Acta2	1.0
3135	5412	1427	Acta2	1.0
3135	5427	1423	Acta2	1.0
3135	5354	1446	Acta2	1.0
3135	5386	1400	Acta2	1.0
3135	5422	1426	Acta2	1.0
3135	5379	1382	Acta2	1.0
3135	5379	1460	Acta2	1.0
3135	5366	1443	Acta2	1.0
3120	4998	1278	Thy1	1.0
3120	4996	1279	Thy1	1.0
3075	5078	1302	Cspg4	1.0
3076	5260	1376	Cspg4	1.0
3075	5064	1300	Cspg4	1.0
3075	5079	1322	Cspg4	1.0
3161	5448	1446	Cspg4	1.0
3075	5077	1304	Cspg4	1.0
3074	4219	1056	Cspg4	1.0
3149	5128	1360	Cspg4	1.0
3074	4200	1062	Cspg4	1.0
3074	4253	1057	Cspg4	1.0
3135	5410	1402	Cspg4	1.0
3074	4233	1053	Cspg4	1.0
3076	5207	1334	Cspg4	1.0
3135	5355	1492	Cspg4	1.0
3135	5360	1441	Cspg4	1.0
3135	5443	1445	Cspg4	1.0
3135	5366	1431	Cspg4	1.0
3100	4372	1327	Nes	1.0
3149	5139	1338	Nes	1.0
3135	5346	1364	Nes	1.0
3074	4213	1074	Nes	1.0
3074	4305	1075	Nes	1.0
3100	4368	1338	Nes	1.0
3120	5039	1295	Nes	1.0
3076	5171	1343	Nes	2.0
3135	5373	1367	Nes	1.0
3074	4189	1082	Nes	1.0
3074	4275	1089	Nes	1.0
3100	4351	1307	Nes	1.0
3100	4374	1319	Nes	1.0
3100	4401	1355	Nes	1.0
3147	4945	1287	Nes	1.0
3120	4959	1279	Nes	1.0
3076	5171	1343	Nes	2.0
3076	5187	1341	Nes	1.0
3076	5208	1338	Nes	1.0
3100	4335	1356	Nes	1.0
3147	4893	1239	Nes	1.0
3076	5202	1343	Nes	1.0
3076	5210	1341	Nes	1.0
3100	4335	1322	Nes	1.0
3100	4409	1357	Nes	1.0
3100	4335	1329	Nes	1.0
3076	5256	1455	Nes	1.0
3135	5349	1435	Nes	1.0
3135	5361	1386	Nes	1.0
3135	5422	1437	Nes	1.0
3100	4335	1332	Nes	1.0
3100	4349	1342	Nes	1.0
3076	5210	1454	Nes	1.0
3076	5204	1334	Nes	1.0
3162	5607	1251	Nes	1.0
3100	4407	1360	Cd3d	1.0
3076	5240	1397	Cd3d	1.0
3100	4308	1302	Cd3d	1.0
3074	4200	1061	Cd3e	1.0
3100	4396	1359	Cd3e	1.0
3076	5222	1384	Cd3e	1.0
3076	5235	1393	Cd3e	1.0
3135	5360	1433	Cd3e	1.0
3135	5364	1412	Cd3e	1.0
3100	4390	1358	Cd3e	1.0
3076	5204	1412	Cd3e	1.0
3135	5358	1452	Cd3e	1.0
3076	5218	1394	Cd3e	1.0
3076	5224	1424	Cd3e	1.0
3076	5241	1450	Cd3e	1.0
3100	4306	1274	Cd3e	1.0
3124	5022	1567	Cd3e	1.0
3100	4313	1270	Cd3e	1.0
3076	5230	1413	Cd3e	1.0
3030	4845	1364	Cd4	1.0
3123	4960	1166	Cd4	1.0
3120	5073	1272	Cd4	1.0
3135	5349	1471	Cd4	1.0
3049	5341	1588	Cd4	1.0
3135	5359	1471	Cd4	1.0
3144	4650	1144	Cd4	1.0
3049	5353	1597	Cd4	1.0
3100	4318	1285	Cd4	1.0
3144	4701	1099	Cd4	1.0
3144	4704	1102	Cd4	1.0
3135	5373	1471	Cd4	1.0
3144	4685	1168	Cd4	1.0
3135	5349	1439	Tbx21	1.0
3135	5371	1463	Tbx21	1.0
3161	5470	1483	Tbx21	1.0
3074	4279	1060	Ifnar1	1.0
3100	4346	1347	Ifnar1	1.0
3100	4369	1336	Ifnar1	1.0
3147	4883	1262	Ifnar1	1.0
3076	5229	1405	Ifnar1	1.0
3074	4233	1118	Ifnar1	1.0
3074	4253	1106	Ifnar1	1.0
3100	4345	1347	Ifnar1	1.0
3149	5113	1354	Ifnar1	1.0
3076	5253	1378	Ifnar1	1.0
3120	4948	1317	Ifnar1	1.0
3049	5349	1531	Ifnar1	1.0
3144	4636	1162	Ifnar1	1.0
3075	4998	1342	Ifnar1	1.0
3150	5121	1411	Ifnar1	1.0
3135	5373	1476	Ifnar1	1.0
3135	5341	1481	Ifnar1	1.0
3135	5363	1483	Ifnar1	1.0
3135	5399	1446	Ifnar1	1.0
3074	4250	1051	Ifnar1	1.0
3100	4326	1311	Ifnar1	1.0
3075	5086	1337	Ifnar1	1.0
3135	5398	1446	Ifnar1	1.0
3100	4324	1311	Ifnar1	1.0
3100	4352	1242	Ifnar1	1.0
3076	5217	1338	Ifnar1	1.0
3135	5373	1413	Ifnar1	1.0
3153	5444	1459	Ifnar1	1.0
3161	5457	1476	Ifnar1	1.0
3100	4311	1271	Tigit	1.0
3100	4315	1343	Tigit	1.0
3100	4318	1298	Tigit	1.0
3100	4401	1357	Icos	1.0
3100	4383	1369	Icos	1.0
3076	5240	1344	Icos	1.0
3124	5033	1565	Icos	1.0
3133	5281	1408	Icos	1.0
3133	5302	1447	Cxcr5	1.0
3076	5181	1430	Cxcr5	1.0
3075	5053	1392	Cxcr5	1.0
3076	5174	1379	Cxcr5	1.0
3135	5413	1427	Cxcr5	1.0
3120	4968	1285	Cxcr5	1.0
3120	5002	1248	Cxcr5	1.0
3120	5009	1264	Cxcr5	1.0
3120	4966	1288	Cxcr5	1.0
3120	4968	1284	Cxcr5	1.0
3133	5272	1422	Cxcr5	1.0
3150	5107	1424	Cxcr5	1.0
3076	5267	1411	Cxcr5	1.0
3147	4922	1272	Cxcr5	1.0
3120	4990	1306	Cxcr5	1.0
3075	5005	1307	Cxcr5	1.0
3075	5059	1401	Cxcr5	1.0
3135	5310	1394	Cxcr5	1.0
3075	5004	1307	Cxcr5	1.0
3120	5021	1254	Cxcr5	1.0
3135	5310	1415	Cxcr5	1.0
3075	5002	1306	Cxcr5	1.0
3076	5149	1375	Cxcr5	1.0
3075	5057	1370	Sell	1.0
3075	5064	1382	Sell	1.0
3076	5179	1426	Sell	1.0
3076	5266	1443	Sell	1.0
3135	5317	1432	Sell	1.0
3135	5352	1423	Sell	1.0
3135	5417	1408	Sell	1.0
3076	5239	1415	Sell	1.0
3135	5375	1416	Sell	1.0
3075	5079	1398	Sell	1.0
3076	5152	1402	Sell	1.0
3075	5071	1404	Sell	1.0
3075	5091	1410	Sell	1.0
3076	5192	1431	Sell	1.0
3076	5249	1391	Sell	1.0
3076	5255	1439	Sell	1.0
3076	5253	1438	Sell	1.0
3135	5367	1383	Sell	1.0
3120	4959	1318	Sell	1.0
3150	5120	1415	Sell	1.0
3075	5004	1329	Sell	1.0
3076	5154	1397	Sell	1.0
3075	5024	1392	Sell	1.0
3149	5137	1375	Sell	1.0
3076	5151	1380	Sell	1.0
3120	4959	1311	Ccr7	1.0
3076	5260	1436	Ccr7	1.0
3135	5366	1392	Ccr7	1.0
3135	5381	1450	Ccr7	1.0
3076	5208	1423	Ccr7	1.0
3135	5363	1451	Ccr7	1.0
3076	5239	1385	Ccr7	1.0
3076	5170	1378	Ccr7	1.0
3133	5301	1444	Ccr7	1.0
3135	5379	1376	Ccr7	1.0
3135	5335	1417	Ccr7	1.0
3076	5158	1413	Ccr7	1.0
3147	4924	1280	Ccr7	1.0
3120	4954	1317	Ccr7	1.0
3075	5007	1312	Ccr7	1.0
3120	5023	1258	Ccr7	1.0
3076	5149	1368	Ccr7	2.0
3150	5106	1407	Ccr7	1.0
3076	5149	1368	Ccr7	2.0
3135	5380	1431	Itgae	1.0
3030	4844	1335	Cd79a	1.0
3135	5313	1476	Cd79a	1.0
3135	5321	1477	Cd79a	1.0
3030	4850	1349	Cd79a	1.0
3123	4967	1187	Cd79a	1.0
3135	5417	1383	Cd79a	1.0
3144	4672	1100	Cd79a	1.0
3135	5338	1484	Cd79a	1.0
3075	5031	1380	Cd79a	1.0
3074	4270	1107	Cd79b	1.0
3123	4952	1184	Cd79b	1.0
3075	5011	1317	Cd79b	1.0
3124	5045	1573	Cd79b	1.0
3075	5105	1331	Cd79b	1.0
3133	5309	1438	Cd79b	1.0
3135	5367	1382	Cd79b	1.0
3135	5402	1368	Cd79b	1.0
3144	4703	1107	Cd79b	1.0
3123	4978	1192	Cd79b	1.0
3135	5368	1401	Cd79b	1.0
3135	5374	1404	Cd79b	1.0
3123	4968	1194	Cd79b	1.0
3124	5022	1568	Cd79b	1.0
3075	5089	1417	Cd79b	1.0
3076	5202	1424	Cd79b	1.0
3076	5267	1416	Cd79b	1.0
3133	5276	1408	Cd79b	1.0
3135	5354	1442	Cd79b	1.0
3135	5387	1447	Cd79b	1.0
3135	5426	1419	Cd79b	1.0
3144	4666	1122	Cd79b	1.0
3144	4691	1135	Cd79b	1.0
3123	4955	1177	Cd79b	1.0
3120	4963	1279	Cd79b	1.0
3120	4968	1266	Cd79b	1.0
3120	5011	1262	Cd79b	1.0
3076	5204	1400	Cd79b	1.0
3133	5270	1453	Cd79b	1.0
3133	5285	1434	Cd79b	1.0
3135	5348	1408	Cd79b	1.0
3135	5362	1376	Cd79b	1.0
3135	5377	1436	Cd79b	1.0
3135	5414	1394	Cd79b	1.0
3074	4257	1123	Cd79b	1.0
3144	4702	1172	Cd79b	1.0
3147	4881	1190	Cd79b	1.0
3123	4955	1176	Cd79b	1.0
3075	5032	1289	Cd79b	1.0
3076	5175	1431	Cd79b	2.0
3076	5203	1400	Cd79b	1.0
3076	5257	1416	Cd79b	1.0
3133	5271	1416	Cd79b	1.0
3133	5274	1423	Cd79b	1.0
3135	5355	1377	Cd79b	1.0
3135	5368	1377	Cd79b	1.0
3135	5371	1422	Cd79b	1.0
3049	5379	1575	Cd79b	1.0
3135	5389	1406	Cd79b	1.0
3135	5390	1385	Cd79b	1.0
3135	5399	1395	Cd79b	1.0
3120	4951	1319	Cd79b	1.0
3120	4960	1317	Cd79b	1.0
3075	5039	1333	Cd79b	1.0
3120	5051	1297	Cd79b	1.0
3075	5062	1299	Cd79b	1.0
3076	5175	1431	Cd79b	2.0
3076	5182	1390	Cd79b	1.0
3076	5191	1402	Cd79b	1.0
3133	5299	1426	Cd79b	1.0
3135	5315	1478	Cd79b	1.0
3135	5337	1390	Cd79b	1.0
3135	5355	1418	Cd79b	1.0
3135	5365	1403	Cd79b	1.0
3120	4986	1312	Cd79b	1.0
3120	5046	1291	Cd79b	1.0
3075	5065	1386	Cd79b	1.0
3076	5156	1377	Cd79b	1.0
3076	5167	1389	Cd79b	1.0
3133	5277	1414	Cd79b	1.0
3162	5578	1374	Cd79b	1.0
3120	4955	1268	Cd79b	1.0
3120	4985	1312	Cd79b	1.0
3075	5062	1346	Cd79b	1.0
3075	5064	1321	Cd79b	1.0
3075	5065	1368	Cd79b	1.0
3075	5079	1410	Cd79b	1.0
3149	5137	1364	Cd79b	2.0
3162	5579	1376	Cd79b	1.0
3147	4921	1260	Cd79b	1.0
3147	4930	1268	Cd79b	1.0
3147	4943	1256	Cd79b	1.0
3120	5048	1285	Cd79b	1.0
3149	5137	1364	Cd79b	2.0
3074	4234	1131	Mzb1	1.0
3074	4250	1101	Mzb1	1.0
3147	4876	1200	Mzb1	1.0
3124	5023	1568	Mzb1	1.0
3124	5037	1589	Mzb1	1.0
3049	5345	1532	Mzb1	1.0
3135	5388	1496	Mzb1	1.0
3153	5402	1499	Mzb1	1.0
3030	4854	1350	Mzb1	1.0
3124	5040	1571	Mzb1	1.0
3124	5040	1586	Mzb1	1.0
3135	5326	1475	Mzb1	1.0
3135	5395	1458	Mzb1	1.0
3124	5044	1581	Mzb1	1.0
3135	5330	1476	Mzb1	1.0
3049	5349	1529	Mzb1	1.0
3049	5364	1563	Mzb1	1.0
3147	4882	1196	Mzb1	1.0
3120	4978	1272	Mzb1	1.0
3135	5336	1481	Mzb1	1.0
3135	5377	1485	Mzb1	1.0
3135	5388	1494	Mzb1	1.0
3074	4252	1119	Mzb1	1.0
3144	4703	1143	Mzb1	1.0
3030	4827	1316	Mzb1	1.0
3153	5403	1497	Mzb1	1.0
3075	5026	1386	Mzb1	1.0
3150	5104	1442	Mzb1	1.0
3153	5426	1505	Mzb1	1.0
3074	4232	1109	Sdc1	1.0
3100	4310	1286	Sdc1	1.0
3030	4845	1328	Sdc1	1.0
3147	4893	1223	Sdc1	1.0
3120	4938	1312	Sdc1	1.0
3075	5025	1317	Sdc1	1.0
3124	5040	1588	Sdc1	1.0
3120	5050	1297	Sdc1	1.0
3120	5060	1261	Sdc1	1.0
3135	5331	1471	Sdc1	1.0
3153	5362	1503	Sdc1	1.0
3049	5361	1569	Sdc1	1.0
3049	5366	1594	Sdc1	1.0
3153	5394	1503	Sdc1	1.0
3153	5405	1499	Sdc1	1.0
3100	4325	1287	Sdc1	1.0
3100	4361	1283	Sdc1	1.0
3030	4861	1349	Sdc1	1.0
3147	4926	1303	Sdc1	1.0
3120	4947	1308	Sdc1	1.0
3124	5043	1584	Sdc1	1.0
3049	5335	1543	Sdc1	1.0
3074	4247	1113	Sdc1	1.0
3144	4666	1114	Sdc1	1.0
3144	4707	1127	Sdc1	1.0
3075	4977	1316	Sdc1	1.0
3075	5042	1322	Sdc1	1.0
3135	5318	1465	Sdc1	1.0
3135	5341	1476	Sdc1	1.0
3135	5349	1475	Sdc1	1.0
3144	4655	1125	Sdc1	1.0
3144	4662	1111	Sdc1	1.0
3144	4666	1107	Sdc1	1.0
3144	4677	1107	Sdc1	1.0
3144	4688	1096	Sdc1	1.0
3144	4699	1116	Sdc1	1.0
3075	4979	1356	Sdc1	1.0
3124	5037	1576	Sdc1	1.0
3049	5361	1566	Sdc1	1.0
3135	5364	1493	Sdc1	1.0
3135	5400	1477	Sdc1	1.0
3074	4266	1112	Sdc1	1.0
3144	4647	1171	Sdc1	1.0
3144	4706	1102	Sdc1	1.0
3135	5336	1428	Sdc1	1.0
3049	5374	1560	Sdc1	1.0
3135	5389	1496	Sdc1	1.0
3153	5406	1497	Sdc1	1.0
3100	4380	1367	Sdc1	1.0
3144	4679	1086	Sdc1	1.0
3049	5366	1566	Sdc1	1.0
3135	5389	1497	Sdc1	1.0
3135	5407	1488	Sdc1	1.0
3162	5576	1375	Sdc1	1.0
3075	4974	1328	Sdc1	1.0
3076	5152	1413	Sdc1	1.0
3153	5399	1502	Sdc1	1.0
3153	5406	1493	Sdc1	1.0
3162	5575	1364	Sdc1	1.0
3135	5313	1408	Ms4a1	1.0
3076	5191	1384	Ms4a1	1.0
3135	5310	1402	Ms4a1	1.0
3135	5365	1422	Ms4a1	1.0
3150	5111	1420	Ms4a1	1.0
3076	5262	1445	Ms4a1	1.0
3075	5030	1291	Ms4a1	1.0
3076	5200	1402	Ms4a1	1.0
3075	5051	1406	Ms4a1	1.0
3120	5055	1290	Ms4a1	1.0
3135	5364	1397	Ms4a1	1.0
3075	5067	1390	Ms4a1	1.0
3076	5200	1425	Ighd	1.0
3076	5202	1400	Ighd	1.0
3135	5341	1410	Ighd	1.0
3135	5345	1424	Ighd	1.0
3135	5379	1392	Ighd	1.0
3135	5391	1396	Ighd	1.0
3135	5395	1383	Ighd	1.0
3075	5076	1397	Ighd	1.0
3076	5145	1406	Ighd	1.0
3135	5338	1417	Ighd	1.0
3135	5349	1376	Ighd	1.0
3135	5369	1392	Ighd	1.0
3135	5375	1417	Ighd	1.0
3135	5380	1372	Ighd	1.0
3135	5387	1427	Ighd	1.0
3135	5390	1451	Ighd	1.0
3135	5399	1444	Ighd	1.0
3135	5425	1423	Ighd	1.0
3150	5110	1425	Ighd	1.0
3076	5140	1405	Ighd	1.0
3076	5150	1408	Ighd	1.0
3076	5172	1408	Ighd	1.0
3076	5258	1443	Ighd	1.0
3133	5286	1433	Ighd	1.0
3135	5334	1420	Ighd	1.0
3135	5341	1376	Ighd	1.0
3135	5361	1433	Ighd	1.0
3135	5363	1416	Ighd	1.0
3135	5369	1381	Ighd	1.0
3135	5396	1441	Ighd	1.0
3120	4943	1320	Ighd	1.0
3120	4951	1289	Ighd	1.0
3147	4954	1281	Ighd	1.0
3075	5033	1329	Ighd	1.0
3075	5045	1358	Ighd	1.0
3075	5053	1380	Ighd	1.0
3075	5090	1395	Ighd	1.0
3150	5108	1428	Ighd	1.0
3150	5114	1409	Ighd	1.0
3150	5115	1422	Ighd	1.0
3076	5166	1400	Ighd	1.0
3076	5179	1379	Ighd	1.0
3076	5253	1445	Ighd	1.0
3135	5344	1427	Ighd	1.0
3135	5348	1431	Ighd	1.0
3135	5371	1401	Ighd	1.0
3135	5372	1429	Ighd	1.0
3135	5390	1438	Ighd	1.0
3135	5398	1376	Ighd	1.0
3135	5414	1421	Ighd	1.0
3147	4921	1262	Ighd	1.0
3147	4948	1272	Ighd	1.0
3075	5024	1307	Ighd	1.0
3075	5024	1374	Ighd	1.0
3120	5037	1280	Ighd	1.0
3120	5049	1283	Ighd	1.0
3075	5056	1406	Ighd	1.0
3076	5154	1373	Ighd	1.0
3076	5190	1389	Ighd	1.0
3076	5194	1425	Ighd	1.0
3133	5281	1424	Ighd	1.0
3133	5290	1429	Ighd	1.0
3133	5292	1440	Ighd	1.0
3135	5330	1419	Ighd	1.0
3135	5331	1406	Ighd	1.0
3135	5336	1422	Ighd	1.0
3135	5340	1431	Ighd	1.0
3135	5371	1407	Ighd	1.0
3135	5372	1401	Ighd	1.0
3135	5384	1413	Ighd	1.0
3147	4921	1275	Ighd	1.0
3075	5014	1326	Ighd	1.0
3075	5024	1373	Ighd	1.0
3075	5038	1330	Ighd	1.0
3075	5045	1344	Ighd	1.0
3120	5047	1284	Ighd	1.0
3075	5052	1364	Ighd	1.0
3076	5155	1397	Ighd	1.0
3133	5283	1447	Ighd	1.0
3133	5293	1429	Ighd	1.0
3133	5299	1418	Ighd	1.0
3135	5326	1416	Ighd	1.0
3135	5355	1414	Ighd	1.0
3135	5364	1407	Ighd	1.0
3147	4929	1295	Ighd	1.0
3120	4975	1313	Ighd	1.0
3075	5002	1371	Ighd	1.0
3075	5013	1327	Ighd	1.0
3075	5049	1351	Ighd	1.0
3075	5050	1335	Ighd	1.0
3075	5061	1399	Ighd	1.0
3150	5109	1426	Ighd	1.0
3149	5116	1379	Ighd	1.0
3076	5153	1396	Ighd	1.0
3076	5153	1405	Ighd	1.0
3133	5299	1420	Ighd	1.0
3135	5324	1394	Ighd	1.0
3135	5341	1428	Ighd	1.0
3147	4927	1295	Ighd	1.0
3147	4946	1265	Ighd	1.0
3075	4990	1316	Ighd	1.0
3075	5001	1371	Ighd	1.0
3075	5002	1345	Ighd	1.0
3075	5022	1290	Ighd	1.0
3075	5037	1403	Ighd	1.0
3075	5079	1396	Ighd	1.0
3150	5106	1409	Ighd	1.0
3076	5151	1405	Ighd	1.0
3076	5158	1389	Ighd	1.0
3147	4923	1271	Ighd	1.0
3147	4927	1285	Ighd	1.0
3147	4927	1296	Ighd	1.0
3120	4978	1280	Ighd	1.0
3075	5022	1291	Ighd	1.0
3075	5030	1401	Ighd	1.0
3120	5062	1289	Ighd	1.0
3075	5064	1338	Ighd	1.0
3150	5107	1410	Ighd	1.0
3076	5148	1373	Ighd	1.0
3076	5154	1399	Ighd	1.0
3123	4977	1189	Fcgr4	1.0
3135	5371	1476	Fcgr4	1.0
3135	5371	1471	Fcgr4	1.0
3135	5380	1476	Fcgr4	1.0
3135	5373	1474	Fcgr4	1.0
3135	5389	1367	Fcgr4	1.0
3074	4191	1083	Cd34	1.0
3074	4205	1093	Cd34	1.0
3100	4336	1320	Cd34	1.0
3100	4365	1239	Cd34	1.0
3100	4347	1305	Cd34	1.0
3100	4405	1354	Itgam	1.0
3147	4868	1191	Itgam	1.0
3123	4970	1168	Itgam	1.0
3147	4881	1209	Itgam	1.0
3120	4960	1333	Itgam	1.0
3135	5369	1471	Itgam	1.0
3144	4622	1186	Itgam	1.0
3135	5398	1375	Itgam	1.0
3100	4311	1341	Itgam	1.0
3100	4324	1349	Itgam	1.0
3100	4343	1361	Itgam	1.0
3150	5109	1428	Mpo	1.0
3144	4653	1179	Il5	1.0
3144	4649	1121	H2-Eb1	1.0
3030	4848	1364	H2-Eb1	1.0
3147	4880	1238	H2-Eb1	1.0
3147	4903	1273	H2-Eb1	1.0
3123	4980	1190	H2-Eb1	1.0
3075	5035	1341	H2-Eb1	1.0
3075	5046	1358	H2-Eb1	1.0
3075	5045	1407	H2-Eb1	1.0
3075	5064	1399	H2-Eb1	1.0
3076	5198	1386	H2-Eb1	1.0
3135	5319	1404	H2-Eb1	1.0
3049	5337	1579	H2-Eb1	1.0
3049	5340	1595	H2-Eb1	1.0
3135	5348	1473	H2-Eb1	1.0
3135	5354	1471	H2-Eb1	1.0
3135	5364	1473	H2-Eb1	1.0
3135	5368	1474	H2-Eb1	1.0
3153	5429	1516	H2-Eb1	1.0
3144	4646	1139	H2-Eb1	1.0
3144	4651	1123	H2-Eb1	1.0
3144	4658	1149	H2-Eb1	1.0
3144	4663	1133	H2-Eb1	1.0
3120	4997	1284	H2-Eb1	1.0
3075	4998	1391	H2-Eb1	1.0
3075	5047	1367	H2-Eb1	1.0
3150	5098	1432	H2-Eb1	1.0
3076	5203	1419	H2-Eb1	1.0
3133	5284	1408	H2-Eb1	1.0
3135	5309	1398	H2-Eb1	1.0
3049	5339	1576	H2-Eb1	1.0
3049	5341	1566	H2-Eb1	1.0
3049	5354	1593	H2-Eb1	1.0
3135	5361	1416	H2-Eb1	1.0
3049	5371	1578	H2-Eb1	1.0
3074	4233	1120	H2-Eb1	1.0
3144	4654	1146	H2-Eb1	1.0
3144	4655	1115	H2-Eb1	1.0
3144	4662	1127	H2-Eb1	1.0
3147	4874	1200	H2-Eb1	1.0
3135	5326	1445	H2-Eb1	1.0
3049	5340	1575	H2-Eb1	1.0
3135	5344	1391	H2-Eb1	1.0
3049	5345	1595	H2-Eb1	1.0
3135	5357	1471	H2-Eb1	1.0
3049	5360	1571	H2-Eb1	1.0
3135	5363	1431	H2-Eb1	1.0
3049	5369	1603	H2-Eb1	1.0
3135	5403	1374	H2-Eb1	1.0
3153	5415	1489	H2-Eb1	1.0
3100	4347	1354	H2-Eb1	1.0
3144	4603	1182	H2-Eb1	1.0
3144	4645	1144	H2-Eb1	1.0
3144	4653	1116	H2-Eb1	1.0
3144	4656	1146	H2-Eb1	1.0
3144	4674	1125	H2-Eb1	1.0
3120	4989	1247	H2-Eb1	1.0
3120	5010	1288	H2-Eb1	1.0
3075	5036	1340	H2-Eb1	1.0
3075	5052	1383	H2-Eb1	1.0
3150	5104	1420	H2-Eb1	1.0
3076	5182	1424	H2-Eb1	1.0
3135	5325	1445	H2-Eb1	1.0
3049	5342	1568	H2-Eb1	1.0
3135	5363	1470	H2-Eb1	1.0
3049	5375	1575	H2-Eb1	1.0
3135	5418	1414	H2-Eb1	1.0
3153	5424	1509	H2-Eb1	1.0
3161	5449	1474	H2-Eb1	1.0
3074	4279	1081	H2-Eb1	1.0
3144	4659	1108	H2-Eb1	1.0
3144	4702	1091	H2-Eb1	1.0
3120	4941	1309	H2-Eb1	1.0
3147	4950	1257	H2-Eb1	1.0
3147	4952	1276	H2-Eb1	1.0
3120	4956	1316	H2-Eb1	1.0
3120	4957	1269	H2-Eb1	1.0
3075	5023	1314	H2-Eb1	1.0
3149	5128	1370	H2-Eb1	1.0
3076	5180	1383	H2-Eb1	1.0
3076	5185	1353	H2-Eb1	1.0
3049	5346	1564	H2-Eb1	1.0
3135	5350	1377	H2-Eb1	1.0
3135	5351	1440	H2-Eb1	1.0
3135	5363	1472	H2-Eb1	1.0
3135	5368	1467	H2-Eb1	1.0
3135	5370	1478	H2-Eb1	1.0
3135	5373	1391	H2-Eb1	1.0
3135	5383	1469	H2-Eb1	1.0
3153	5423	1505	H2-Eb1	1.0
3161	5472	1484	H2-Eb1	1.0
3100	4337	1331	H2-Eb1	1.0
3144	4662	1081	H2-Eb1	1.0
3120	4939	1313	H2-Eb1	1.0
3120	4992	1295	H2-Eb1	1.0
3120	5033	1262	H2-Eb1	1.0
3120	5053	1286	H2-Eb1	1.0
3075	5060	1381	H2-Eb1	1.0
3149	5123	1375	H2-Eb1	1.0
3076	5149	1368	H2-Eb1	1.0
3076	5161	1365	H2-Eb1	1.0
3076	5206	1348	H2-Eb1	1.0
3135	5365	1460	H2-Eb1	1.0
3135	5381	1467	H2-Eb1	1.0
3135	5394	1370	H2-Eb1	1.0
3153	5426	1501	H2-Eb1	1.0
3161	5458	1483	H2-Eb1	1.0
3161	5473	1485	H2-Eb1	1.0
3100	4311	1337	H2-Eb1	1.0
3100	4349	1329	H2-Eb1	1.0
3076	5146	1364	H2-Eb1	1.0
3076	5151	1410	H2-Eb1	1.0
3076	5152	1399	H2-Eb1	1.0
3133	5283	1412	H2-Eb1	1.0
3153	5431	1497	H2-Eb1	1.0
3153	5445	1489	H2-Eb1	1.0
3161	5474	1486	H2-Eb1	1.0
3100	4312	1324	H2-Eb1	1.0
3075	4993	1343	H2-Eb1	1.0
3120	5017	1252	H2-Eb1	1.0
3076	5209	1408	H2-Eb1	1.0
3135	5385	1369	H2-Eb1	1.0
3153	5438	1465	H2-Eb1	1.0
3161	5458	1487	H2-Eb1	1.0
3161	5469	1487	H2-Eb1	1.0
3100	4343	1355	H2-Eb1	1.0
3100	4355	1367	H2-Eb1	1.0
3075	4999	1375	H2-Eb1	1.0
3075	5065	1333	H2-Eb1	1.0
3075	5072	1374	H2-Eb1	1.0
3149	5109	1399	H2-Eb1	1.0
3149	5122	1350	H2-Eb1	1.0
3076	5139	1429	H2-Eb1	1.0
3135	5389	1369	H2-Eb1	1.0
3135	5437	1426	H2-Eb1	1.0
3135	5436	1446	H2-Eb1	1.0
3161	5460	1482	H2-Eb1	1.0
3161	5468	1486	H2-Eb1	1.0
3075	5009	1359	Lamp3	1.0
3144	4665	1111	Clec9a	1.0
3100	4359	1239	Vcan	1.0
3144	4643	1124	Vcan	1.0
3161	5465	1489	Vcan	1.0
3144	4641	1188	C1qb	1.0
3144	4648	1187	C1qb	1.0
3030	4849	1373	C1qb	1.0
3147	4876	1221	C1qb	1.0
3147	4903	1276	C1qb	1.0
3123	4952	1171	C1qb	1.0
3123	4960	1180	C1qb	1.0
3123	4965	1171	C1qb	1.0
3144	4698	1108	C1qb	1.0
3030	4855	1367	C1qb	1.0
3147	4894	1268	C1qb	1.0
3147	4902	1264	C1qb	1.0
3075	5042	1408	C1qb	1.0
3049	5343	1579	C1qb	1.0
3135	5354	1470	C1qb	1.0
3049	5356	1588	C1qb	1.0
3049	5367	1574	C1qb	1.0
3135	5374	1476	C1qb	1.0
3144	4698	1106	C1qb	1.0
3147	4866	1194	C1qb	1.0
3147	4882	1205	C1qb	1.0
3049	5343	1564	C1qb	1.0
3049	5354	1584	C1qb	1.0
3049	5358	1566	C1qb	1.0
3049	5445	1577	C1qb	1.0
3144	4695	1090	C1qb	1.0
3144	4703	1095	C1qb	1.0
3049	5355	1576	C1qb	1.0
3100	4306	1318	C1qb	2.0
3049	5346	1567	C1qb	1.0
3100	4306	1318	C1qb	2.0
3100	4351	1367	C1qb	1.0
3100	4362	1369	C1qb	1.0
3100	4340	1353	C1qb	1.0
3144	4705	1160	C1qb	1.0
3074	4301	1075	Il7r	1.0
3076	5257	1405	Il7r	1.0
3161	5454	1476	Il7r	1.0
3074	4196	1097	Il7r	1.0
3076	5213	1414	Nkg7	1.0
3100	4382	1338	Cmc1	1.0
3120	4969	1262	Cmc1	1.0
3133	5287	1416	Fcer1a	1.0
3153	5422	1496	Fcer1a	1.0
3030	4853	1361	C1qc	1.0
3123	4947	1176	C1qc	1.0
3147	4949	1288	C1qc	1.0
3123	4955	1186	C1qc	1.0
3123	4956	1176	C1qc	1.0
3075	5033	1412	C1qc	1.0
3049	5334	1579	C1qc	1.0
3049	5346	1586	C1qc	1.0
3049	5357	1568	C1qc	1.0
3135	5369	1474	C1qc	1.0
3135	5349	1467	C1qc	1.0
3049	5357	1605	C1qc	1.0
3030	4821	1382	C1qc	1.0
3049	5342	1560	C1qc	1.0
3100	4311	1339	C1qc	1.0
3100	4315	1338	C1qc	1.0
3100	4349	1364	C1qc	1.0
3049	5351	1593	Clec4a2	1.0
3123	4966	1178	Tnfrsf21	1.0
3075	5045	1327	Tnfrsf21	1.0
3075	5050	1316	Tnfrsf21	1.0
3075	5072	1306	Tnfrsf21	1.0
3147	4891	1225	Tnfrsf21	1.0
3147	4898	1215	Tnfrsf21	1.0
3075	5041	1399	Tnfrsf21	1.0
3147	4897	1215	Tnfrsf21	1.0
3049	5369	1594	Tnfrsf21	1.0
3161	5461	1485	Tnfrsf21	1.0
3074	4223	1107	Tnfrsf21	1.0
3049	5335	1549	Tnfrsf21	1.0
3049	5344	1544	Tnfrsf21	1.0
3049	5346	1543	Tnfrsf21	1.0
3162	5594	1356	Tnfrsf21	1.0
3049	5334	1537	Tnfrsf21	1.0
3049	5344	1552	Tnfrsf21	1.0
3162	5593	1352	Tnfrsf21	1.0
3049	5395	1575	Tnfrsf21	1.0
3153	5435	1501	Tnfrsf21	1.0
3162	5599	1308	Tnfrsf21	1.0
3162	5601	1335	Tnfrsf21	1.0
3153	5398	1508	Tnfrsf21	1.0
3076	5203	1403	Gpr18	1.0
3120	5036	1268	Gpr18	1.0
3135	5339	1379	Gpr18	1.0
3135	5339	1380	Gpr18	1.0
3144	4623	1069	Cysltr1	1.0
3100	4346	1323	Cysltr1	1.0
3135	5428	1480	Ffar2	1.0
3161	5467	1486	Ffar2	1.0
3144	4653	1110	Ffar4	1.0
3144	4616	1177	Ffar4	1.0
3153	5450	1466	Ffar4	1.0
3074	4229	1055	Lpar1	1.0
3144	4623	1065	Lpar1	1.0
3120	4945	1300	Lpar1	1.0
3120	5032	1283	Lpar1	1.0
3075	5090	1332	Lpar1	1.0
3135	5368	1366	Lpar1	1.0
3074	4201	1061	Lpar1	1.0
3100	4358	1235	Lpar1	1.0
3147	4910	1282	Lpar1	1.0
3147	4915	1274	Lpar1	1.0
3120	5032	1281	Lpar1	1.0
3075	5070	1427	Lpar1	1.0
3135	5364	1361	Lpar1	1.0
3153	5444	1470	Lpar1	1.0
3135	5417	1473	Lpar1	2.0
3135	5417	1473	Lpar1	2.0
3135	5348	1356	Lpar1	1.0
3049	5349	1582	Lpar1	1.0
3135	5433	1469	Lpar1	1.0
3144	4665	1188	Lpar1	1.0
3030	4832	1336	Lpar1	1.0
3049	5349	1583	Lpar1	1.0
3049	5413	1620	Lpar1	1.0
3135	5428	1466	Lpar1	1.0
3076	5256	1440	Lpar1	1.0
3135	5343	1437	Lpar1	1.0
3135	5371	1370	Lpar1	1.0
3076	5255	1441	Lpar1	1.0
3076	5265	1396	Lpar1	1.0
3133	5282	1406	Lpar1	1.0
3135	5371	1372	Lpar1	1.0
3153	5388	1505	Lpar1	1.0
3076	5247	1393	Lpar2	1.0
3100	4377	1360	Lpar4	1.0
3049	5352	1593	Lpar5	1.0
3076	5252	1446	Lpar5	1.0
3124	5014	1573	Gpr55	1.0
3076	5160	1430	P2ry10b	1.0
3135	5345	1396	Gpr174	1.0
3076	5163	1412	Gpr174	1.0
3076	5180	1407	Gpr174	1.0
3076	5187	1377	Gpr174	1.0
3120	5036	1271	Gpr174	1.0
3150	5116	1423	Gpr174	1.0
3075	5053	1304	Gpr174	1.0
3075	5059	1403	Gpr174	1.0
3147	4938	1273	Gpr174	2.0
3076	5133	1395	Gpr174	1.0
3147	4938	1273	Gpr174	2.0
3076	5217	1345	Ptger3	1.0
3075	5048	1327	Ptger4	1.0
3149	5132	1352	Ptger4	1.0
3120	5009	1261	Ptger4	1.0
3049	5348	1545	Ptger4	1.0
3135	5367	1484	Ptger4	1.0
3162	5603	1365	Ptger4	1.0
3120	4991	1296	Ptger4	1.0
3049	5338	1545	Ptger4	1.0
3144	4661	1097	S1pr1	1.0
3135	5310	1408	S1pr1	1.0
3135	5338	1391	S1pr1	1.0
3135	5341	1427	S1pr1	1.0
3135	5365	1414	S1pr1	1.0
3074	4297	1070	S1pr1	1.0
3100	4352	1329	S1pr1	1.0
3100	4407	1358	S1pr1	1.0
3144	4640	1067	S1pr1	1.0
3144	4652	1108	S1pr1	1.0
3075	5023	1399	S1pr1	1.0
3075	5031	1383	S1pr1	1.0
3075	5083	1408	S1pr1	1.0
3076	5146	1393	S1pr1	1.0
3076	5225	1387	S1pr1	1.0
3076	5264	1400	S1pr1	1.0
3133	5293	1412	S1pr1	1.0
3074	4293	1068	S1pr1	1.0
3100	4348	1250	S1pr1	1.0
3100	4361	1257	S1pr1	1.0
3100	4408	1357	S1pr1	1.0
3120	4974	1278	S1pr1	1.0
3120	5001	1268	S1pr1	1.0
3075	5039	1342	S1pr1	1.0
3075	5069	1375	S1pr1	1.0
3076	5221	1409	S1pr1	1.0
3076	5247	1447	S1pr1	1.0
3135	5337	1377	S1pr1	1.0
3135	5414	1390	S1pr1	1.0
3074	4249	1072	S1pr1	1.0
3074	4251	1082	S1pr1	1.0
3074	4276	1071	S1pr1	1.0
3100	4322	1253	S1pr1	1.0
3100	4353	1285	S1pr1	1.0
3144	4645	1103	S1pr1	1.0
3144	4659	1069	S1pr1	1.0
3120	5017	1276	S1pr1	1.0
3120	5047	1299	S1pr1	1.0
3075	5069	1318	S1pr1	1.0
3135	5368	1424	S1pr1	1.0
3100	4362	1310	S1pr1	1.0
3147	4919	1299	S1pr1	1.0
3120	4989	1279	S1pr1	1.0
3120	5042	1281	S1pr1	1.0
3075	5049	1357	S1pr1	1.0
3075	5061	1300	S1pr1	1.0
3075	5072	1311	S1pr1	1.0
3075	5077	1408	S1pr1	1.0
3149	5127	1333	S1pr1	1.0
3076	5186	1387	S1pr1	1.0
3162	5601	1246	S1pr1	1.0
3100	4330	1350	S1pr1	1.0
3100	4356	1245	S1pr1	1.0
3100	4364	1260	S1pr1	1.0
3100	4371	1243	S1pr1	1.0
3100	4375	1347	S1pr1	1.0
3075	4964	1338	S1pr1	1.0
3075	5054	1372	S1pr1	1.0
3075	5072	1312	S1pr1	1.0
3075	5078	1409	S1pr1	1.0
3149	5128	1334	S1pr1	1.0
3149	5135	1367	S1pr1	1.0
3076	5207	1366	S1pr1	1.0
3076	5255	1413	S1pr1	1.0
3135	5351	1418	S1pr1	1.0
3135	5363	1427	S1pr1	1.0
3162	5609	1254	S1pr1	1.0
3100	4374	1348	S1pr1	1.0
3075	5030	1398	S1pr1	1.0
3076	5126	1413	S1pr1	1.0
3149	5128	1335	S1pr1	1.0
3133	5276	1422	S1pr1	1.0
3100	4369	1340	S1pr1	1.0
3100	4392	1343	S1pr1	1.0
3075	5081	1406	S1pr1	1.0
3149	5122	1355	S1pr1	2.0
3076	5202	1379	S1pr1	1.0
3149	5122	1355	S1pr1	2.0
3100	4302	1299	S1pr2	1.0
3161	5456	1453	S1pr2	1.0
3100	4306	1303	S1pr2	1.0
3144	4672	1165	S1pr2	1.0
3135	5432	1443	S1pr2	1.0
3135	5419	1458	S1pr2	1.0
3162	5595	1246	S1pr2	1.0
3100	4365	1312	S1pr2	1.0
3100	4399	1361	S1pr4	1.0
3049	5341	1546	Tbxa2r	1.0
3147	4914	1231	Tbxa2r	1.0
3150	5109	1406	Tbxa2r	1.0
3100	4386	1347	Tbxa2r	1.0
3147	4905	1277	Tbxa2r	2.0
3075	5051	1307	Tbxa2r	1.0
3147	4905	1277	Tbxa2r	2.0
3100	4346	1267	Tbxa2r	1.0
3100	4368	1266	Tbxa2r	1.0
3075	5099	1325	Tbxa2r	1.0
3144	4641	1183	Tbxa2r	1.0
3144	4642	1182	Tbxa2r	1.0
3161	5491	1501	Fzd1	1.0
3076	5234	1347	Fzd1	1.0
3133	5302	1416	Fzd1	1.0
3135	5337	1432	Fzd1	1.0
3135	5345	1393	Fzd7	1.0
3075	5065	1322	Fzd3	1.0
3049	5348	1524	Fzd5	1.0
3161	5456	1475	Fzd5	1.0
3075	5086	1331	Fzd8	1.0
3074	4215	1079	Fzd8	1.0
3135	5361	1494	Fzd8	1.0
3075	5042	1320	Smo	1.0
3075	5058	1316	Smo	1.0
3075	5081	1329	Smo	1.0
3120	4959	1299	Smo	1.0
3075	5032	1419	Smo	1.0
3120	5052	1276	Smo	1.0
3076	5267	1447	Smo	1.0
3135	5386	1406	Smo	1.0
3135	5441	1448	Smo	1.0
3162	5597	1349	Smo	1.0
3144	4710	1157	Smo	1.0
3076	5268	1447	Smo	1.0
3133	5291	1426	Smo	1.0
3135	5325	1430	Smo	1.0
3135	5378	1440	Smo	1.0
3135	5384	1481	Smo	1.0
3074	4263	1081	Chrm2	1.0
3074	4288	1083	Chrm2	1.0
3100	4338	1271	Chrm2	1.0
3144	4617	1067	Chrm2	1.0
3100	4409	1363	Chrm2	1.0
3135	5334	1426	Adra1a	1.0
3049	5336	1533	Adra2a	1.0
3162	5598	1245	Adra2c	1.0
3153	5432	1477	Adrb1	1.0
3075	5069	1403	Adrb2	1.0
3135	5336	1381	Adrb2	1.0
3135	5420	1404	Adrb2	1.0
3075	5070	1386	Adrb2	1.0
3135	5413	1458	Adrb2	1.0
3144	4663	1108	Adrb2	1.0
3076	5128	1404	Adrb2	1.0
3100	4335	1249	Adrb2	1.0
3076	5205	1363	Adrb2	1.0
3100	4340	1316	Adrb2	1.0
3075	5013	1377	Adrb2	2.0
3075	5091	1349	Adrb2	1.0
3100	4371	1347	Adrb2	1.0
3075	5013	1377	Adrb2	2.0
3153	5440	1477	Drd2	1.0
3049	5425	1578	Hrh1	1.0
3076	5150	1405	Hrh2	1.0
3161	5466	1488	Htr1d	1.0
3100	4348	1354	Htr2a	1.0
3075	4986	1345	Htr2c	1.0
3075	5021	1386	Htr5a	1.0
3144	4621	1189	Htr6	1.0
3135	5389	1399	Htr6	1.0
3133	5305	1455	Htr6	1.0
3135	5436	1462	Htr7	1.0
3120	4953	1313	Taar1	1.0
3162	5601	1294	Taar7a	1.0
3124	5034	1598	Taar7a	1.0
3135	5318	1478	Taar7a	1.0
3075	5097	1334	Taar7a	1.0
3074	4216	1057	Taar7a	1.0
3153	5355	1500	Taar7a	1.0
3075	5112	1378	Taar8a	1.0
3147	4895	1216	Taar7e	1.0
3135	5365	1381	Taar8c	1.0
3135	5378	1391	Cckar	1.0
3162	5610	1360	Cckar	1.0
3075	5101	1386	Cckar	1.0
3075	5100	1386	Cckar	1.0
3345	4027	6293	Slc51a	1.0
3345	4053	6274	Txndc5	1.0
3536	4619	6580	Txndc5	1.0
3345	4040	6293	Txndc5	1.0
3536	4600	6540	Txndc5	1.0
3536	4629	6567	Txndc5	1.0
3345	4072	6256	Klk1	1.0
3536	4625	6592	Slc12a2	1.0
3345	4069	6308	Slc12a2	1.0
3345	4008	6318	Jaml	1.0
3345	3991	6289	Jaml	1.0
3345	3980	6305	Jaml	1.0
3345	4060	6247	Jaml	1.0
3345	3984	6304	Jaml	1.0
3536	4618	6483	Jaml	1.0
3536	4634	6559	Jaml	1.0
3536	4640	6551	Jaml	1.0
3536	4643	6560	Jaml	1.0
3536	4648	6569	Jaml	1.0
3536	4643	6573	Jaml	1.0
3536	4627	6555	Jaml	2.0
3536	4628	6584	Jaml	1.0
3536	4638	6551	Jaml	1.0
3536	4627	6555	Jaml	2.0
3345	4000	6289	Lrmp	1.0
3536	4560	6525	Lrmp	1.0
3536	4648	6574	Lrmp	1.0
3536	4641	6513	Lrmp	1.0
3536	4643	6512	Lrmp	1.0
3345	4016	6334	Lrmp	1.0
3536	4588	6510	Tspan13	1.0
3536	4633	6567	Tspan13	1.0
3345	4010	6318	Tspan13	1.0
3345	4067	6281	Tspan13	1.0
3536	4632	6585	Tspan13	1.0
3345	4040	6315	Tspan13	1.0
3345	4036	6265	Tspan13	1.0
3536	4643	6576	Tspan13	1.0
3536	4639	6585	Tspan13	1.0
3536	4605	6579	Tspan13	1.0
3536	4618	6553	Sox4	1.0
3536	4579	6483	Sox4	1.0
3536	4584	6490	Sox4	1.0
3536	4610	6564	Hhex	1.0
3536	4620	6592	Hhex	1.0
3536	4563	6554	Hhex	1.0
3345	4067	6323	Adgrf5	1.0
3345	4080	6306	Adgrf5	1.0
3345	4017	6343	Adgrf5	1.0
3345	4016	6343	Adgrf5	1.0
3345	4019	6329	Adgrf5	1.0
3345	4046	6332	Adgrf5	1.0
3536	4614	6487	Cd44	1.0
3536	4592	6496	Cd44	1.0
3536	4626	6480	Cd44	1.0
3536	4648	6563	Cd44	1.0
3345	3994	6313	Cd44	1.0
3345	4037	6268	Cd44	1.0
3345	4044	6284	Cd44	1.0
3536	4554	6545	Cd44	1.0
3536	4633	6559	Cd44	1.0
3345	4060	6317	Cd44	1.0
3536	4625	6582	Cd44	1.0
3536	4629	6580	Cd44	1.0
3536	4635	6546	Cd44	1.0
3536	4646	6574	Cd44	1.0
3536	4649	6557	Cd44	1.0
3536	4639	6563	Cd44	1.0
3536	4644	6548	Cd44	1.0
3345	4036	6318	Scarb1	1.0
3345	4028	6305	Scarb1	1.0
3536	4655	6535	Nt5e	1.0
3536	4658	6523	Nt5e	1.0
3345	4005	6294	Maged2	1.0
3345	4087	6265	Acsl1	1.0
3345	4011	6293	Net1	1.0
3345	4008	6294	Net1	1.0
3536	4621	6565	Net1	1.0
3345	3985	6321	Net1	1.0
3345	4019	6327	Net1	1.0
3536	4560	6548	Net1	1.0
3345	4056	6286	Ccnl2	1.0
3536	4658	6507	Ccnl2	1.0
3536	4615	6560	Ccnl2	1.0
3536	4569	6546	Neat1	1.0
3536	4585	6543	Neat1	1.0
3536	4590	6548	Neat1	2.0
3536	4607	6564	Neat1	1.0
3536	4612	6540	Neat1	1.0
3536	4587	6540	Neat1	1.0
3536	4590	6548	Neat1	2.0
3536	4604	6535	Neat1	1.0
3536	4542	6515	Neat1	1.0
3536	4665	6504	Neat1	1.0
3536	4574	6512	Neat1	1.0
3345	4054	6337	Neat1	1.0
3536	4653	6546	Neat1	1.0
3345	4053	6337	Neat1	1.0
3536	4579	6540	Neat1	1.0
3536	4599	6487	Neat1	1.0
3536	4604	6558	Neat1	1.0
3536	4564	6518	Neat1	1.0
3536	4573	6522	Slc5a1	1.0
3345	4084	6292	Slc5a1	1.0
3536	4618	6558	Slc5a1	1.0
3345	4007	6297	Mki67	1.0
3536	4600	6506	Marcksl1	1.0
3536	4620	6529	Marcksl1	1.0
3536	4624	6495	Marcksl1	1.0
3536	4620	6484	Marcksl1	1.0
3536	4621	6545	Marcksl1	1.0
3345	4016	6311	Vim	2.0
3345	4026	6336	Vim	1.0
3536	4589	6511	Vim	1.0
3345	4016	6311	Vim	2.0
3536	4587	6499	Vim	1.0
3345	4016	6336	Vim	1.0
3345	4023	6291	Vim	1.0
3536	4592	6506	Vim	1.0
3536	4606	6517	Vim	1.0
3345	4015	6336	Vim	1.0
3345	4024	6333	Vim	1.0
3536	4586	6594	Vim	1.0
3536	4659	6557	Vim	1.0
3536	4607	6497	Vim	1.0
3536	4636	6566	Vim	1.0
3345	4003	6347	Vim	1.0
3536	4608	6498	Vim	1.0
3536	4609	6488	Vim	2.0
3536	4620	6479	Vim	1.0
3536	4644	6535	Vim	1.0
3536	4609	6488	Vim	2.0
3536	4615	6488	Vim	1.0
3536	4615	6579	Vim	1.0
3536	4616	6499	Vim	1.0
3536	4621	6478	Vim	1.0
3536	4645	6566	Vim	1.0
3345	4033	6317	Vim	1.0
3536	4633	6496	Vim	1.0
3536	4640	6567	Vim	1.0
3536	4644	6492	Vim	1.0
3536	4649	6509	Vim	1.0
3536	4653	6526	Vim	1.0
3345	4025	6296	Acta2	1.0
3536	4572	6519	Acta2	1.0
3345	4080	6257	Acta2	1.0
3345	4079	6245	Acta2	1.0
3536	4629	6487	Acta2	1.0
3536	4630	6496	Acta2	1.0
3536	4633	6483	Acta2	1.0
3536	4636	6513	Acta2	1.0
3536	4640	6516	Acta2	1.0
3536	4644	6509	Acta2	1.0
3536	4660	6516	Acta2	1.0
3536	4609	6569	Thy1	1.0
3536	4552	6543	Thy1	1.0
3536	4584	6558	Thy1	1.0
3536	4610	6487	Thy1	1.0
3345	4064	6247	Thy1	1.0
3345	4066	6282	Thy1	1.0
3536	4609	6564	Thy1	1.0
3536	4657	6555	Thy1	1.0
3345	4073	6287	Thy1	1.0
3345	4013	6345	Thy1	1.0
3345	4088	6288	Thy1	1.0
3536	4602	6498	Thy1	1.0
3536	4616	6492	Thy1	1.0
3536	4641	6556	Cspg4	1.0
3536	4650	6529	Cspg4	1.0
3345	3981	6303	Nes	1.0
3345	3998	6343	Nes	1.0
3345	4030	6308	Nes	1.0
3345	4041	6320	Nes	1.0
3345	4009	6322	Cd3d	1.0
3345	4010	6340	Cd3d	1.0
3345	4008	6341	Cd3d	1.0
3536	4544	6543	Cd3e	1.0
3536	4549	6539	Cd3e	1.0
3536	4656	6546	Cd3e	1.0
3536	4579	6578	Cd3e	1.0
3536	4589	6583	Cd3e	1.0
3345	4072	6228	Cd3e	1.0
3345	4073	6233	Cd3e	1.0
3536	4589	6566	Cd3e	1.0
3536	4616	6585	Cd3e	1.0
3536	4652	6502	Cd3e	1.0
3536	4654	6527	Cd3e	1.0
3345	4071	6309	Cd3e	1.0
3345	4075	6307	Cd3e	1.0
3345	4078	6296	Cd3e	1.0
3345	4077	6301	Cd3e	1.0
3536	4664	6536	Cd3e	1.0
3536	4556	6551	Cd4	1.0
3536	4583	6538	Cd4	1.0
3536	4552	6546	Cd4	1.0
3345	3991	6324	Cd4	1.0
3536	4552	6547	Cd4	1.0
3536	4643	6579	Cd4	1.0
3345	3997	6303	Cd4	1.0
3536	4570	6561	Cd4	1.0
3536	4631	6563	Cd4	1.0
3536	4638	6583	Cd4	1.0
3536	4629	6568	Cd4	1.0
3536	4650	6565	Cd4	1.0
3536	4628	6570	Cd4	1.0
3536	4635	6581	Cd4	1.0
3345	4070	6309	Cd4	1.0
3536	4634	6582	Cd4	1.0
3536	4637	6565	Cd4	1.0
3536	4639	6571	Cd4	1.0
3345	4068	6309	Cd4	1.0
3345	4073	6299	Cd4	1.0
3345	4077	6309	Cd4	1.0
3536	4565	6574	Tbx21	1.0
3345	4063	6295	Tbx21	1.0
3536	4602	6541	Il17a	1.0
3536	4585	6502	Ifnar1	1.0
3345	4061	6286	Ifnar1	1.0
3536	4638	6578	Ifnar1	1.0
3345	3984	6327	Ifnar1	1.0
3536	4564	6516	Ifnar1	1.0
3536	4625	6551	Ifnar1	1.0
3536	4631	6562	Ifnar1	1.0
3345	4063	6284	Ifnar1	1.0
3536	4592	6545	Ifnar1	1.0
3536	4626	6565	Ifnar1	1.0
3536	4582	6509	Ifnar1	2.0
3536	4582	6509	Ifnar1	2.0
3536	4650	6538	Foxp3	1.0
3345	4018	6292	Foxp3	1.0
3536	4650	6540	Foxp3	1.0
3345	4027	6325	Foxp3	1.0
3536	4662	6534	Tigit	1.0
3345	4011	6326	Tigit	1.0
3345	4089	6296	Tigit	1.0
3536	4656	6548	Tigit	1.0
3536	4655	6554	Icos	1.0
3345	4033	6323	Icos	1.0
3536	4554	6550	Cxcr5	1.0
3536	4612	6559	Cxcr5	1.0
3536	4555	6499	Cxcr5	1.0
3536	4610	6511	Cxcr5	1.0
3536	4572	6572	Sell	1.0
3536	4592	6569	Sell	1.0
3536	4610	6560	Sell	1.0
3536	4592	6568	Sell	1.0
3536	4598	6557	Sell	1.0
3536	4616	6531	Sell	1.0
3536	4635	6558	Sell	1.0
3536	4563	6517	Sell	1.0
3536	4555	6535	Sell	1.0
3536	4562	6512	Sell	1.0
3536	4569	6512	Sell	1.0
3536	4615	6536	Sell	1.0
3536	4623	6530	Sell	1.0
3536	4621	6518	Sell	1.0
3536	4572	6539	Sell	1.0
3536	4590	6493	Sell	1.0
3536	4571	6519	Ccr7	1.0
3536	4580	6545	Ccr7	1.0
3536	4580	6546	Ccr7	1.0
3536	4641	6560	Ccr7	1.0
3536	4609	6528	Ccr7	1.0
3536	4582	6489	Ccr7	1.0
3345	4011	6292	Itgae	1.0
3345	4067	6236	Itgae	1.0
3345	4069	6252	Itgae	1.0
3345	4061	6237	Itgae	1.0
3536	4657	6546	Itgae	1.0
3536	4576	6589	Cd8a	1.0
3345	4065	6231	Cd8b1	1.0
3345	4066	6242	Cd8b1	1.0
3345	4072	6250	Cd8b1	1.0
3345	4065	6244	Cd8b1	1.0
3536	4635	6560	Cd79a	1.0
3536	4566	6516	Cd79a	1.0
3536	4615	6526	Cd79a	1.0
3536	4641	6544	Cd79a	1.0
3536	4551	6527	Cd79a	1.0
3536	4553	6505	Cd79a	1.0
3536	4594	6548	Cd79a	1.0
3345	4038	6288	Cd79a	1.0
3536	4554	6500	Cd79a	1.0
3536	4579	6555	Cd79a	1.0
3536	4547	6540	Cd79a	1.0
3536	4622	6533	Cd79a	1.0
3536	4606	6581	Cd79a	1.0
3536	4609	6501	Cd79a	1.0
3536	4621	6530	Cd79a	1.0
3536	4573	6514	Cd79b	1.0
3536	4593	6516	Cd79b	1.0
3536	4577	6501	Cd79b	1.0
3536	4600	6515	Cd79b	1.0
3345	3990	6306	Cd79b	1.0
3536	4545	6529	Cd79b	1.0
3536	4570	6558	Cd79b	1.0
3536	4615	6528	Cd79b	1.0
3536	4592	6496	Cd79b	1.0
3536	4617	6533	Cd79b	1.0
3536	4565	6545	Cd79b	1.0
3536	4625	6534	Cd79b	1.0
3536	4621	6530	Cd79b	1.0
3536	4585	6538	Cd79b	1.0
3536	4639	6575	Cd79b	1.0
3536	4568	6515	Cd79b	1.0
3536	4575	6561	Cd79b	1.0
3536	4591	6570	Cd79b	1.0
3536	4611	6556	Cd79b	1.0
3536	4612	6523	Cd79b	1.0
3536	4626	6587	Mzb1	1.0
3536	4660	6510	Cd27	1.0
3345	3974	6307	Sdc1	1.0
3536	4601	6573	Sdc1	1.0
3536	4558	6520	Ms4a1	1.0
3536	4596	6517	Ms4a1	1.0
3536	4550	6537	Ms4a1	1.0
3536	4596	6498	Ms4a1	1.0
3536	4597	6499	Ms4a1	1.0
3536	4544	6539	Ms4a1	1.0
3536	4565	6526	Ms4a1	1.0
3536	4599	6548	Ms4a1	1.0
3536	4563	6526	Ms4a1	1.0
3536	4596	6493	Ms4a1	1.0
3536	4553	6531	Ms4a1	1.0
3536	4557	6542	Ms4a1	1.0
3536	4576	6484	Ms4a1	1.0
3536	4595	6493	Ms4a1	1.0
3536	4581	6493	Ms4a1	1.0
3536	4587	6511	Ighd	1.0
3536	4623	6545	Ighd	1.0
3536	4567	6518	Ighd	1.0
3536	4582	6531	Ighd	1.0
3536	4607	6523	Ighd	1.0
3536	4619	6564	Ighd	1.0
3536	4552	6506	Ighd	1.0
3536	4551	6530	Ighd	1.0
3536	4556	6540	Ighd	1.0
3536	4565	6518	Ighd	1.0
3536	4571	6493	Ighd	1.0
3536	4588	6527	Ighd	1.0
3536	4606	6509	Ighd	1.0
3536	4605	6542	Ighd	1.0
3536	4607	6520	Ighd	1.0
3536	4637	6551	Ighd	1.0
3536	4570	6515	Ighd	1.0
3536	4551	6536	Ighd	1.0
3536	4569	6517	Ighd	1.0
3536	4568	6510	Ighd	1.0
3536	4574	6552	Ighd	1.0
3536	4577	6488	Ighd	1.0
3536	4586	6542	Ighd	1.0
3536	4588	6552	Ighd	1.0
3536	4590	6494	Ighd	1.0
3536	4598	6516	Ighd	1.0
3536	4557	6533	Ighd	1.0
3536	4583	6563	Ighd	1.0
3536	4587	6553	Ighd	1.0
3536	4605	6602	Ighd	1.0
3536	4546	6546	Ighd	1.0
3536	4550	6523	Ighd	1.0
3536	4558	6533	Ighd	1.0
3536	4575	6558	Ighd	1.0
3536	4583	6536	Ighd	1.0
3536	4586	6518	Ighd	1.0
3536	4621	6528	Ighd	1.0
3536	4551	6524	Ighd	1.0
3536	4604	6503	Ighd	1.0
3536	4612	6526	Ighd	1.0
3536	4617	6581	Fcgr4	1.0
3536	4638	6570	Fcgr4	1.0
3345	4046	6343	Cd34	1.0
3345	4059	6320	Itgam	1.0
3345	4000	6344	Itgam	1.0
3345	4052	6273	Itgam	1.0
3536	4627	6582	Itgam	1.0
3345	4039	6260	Itgam	1.0
3345	4051	6273	Itgam	1.0
3536	4652	6565	Itgam	1.0
3345	4060	6325	H2-Eb1	1.0
3345	4004	6288	H2-Eb1	1.0
3345	4022	6328	H2-Eb1	1.0
3536	4576	6521	H2-Eb1	1.0
3536	4594	6511	H2-Eb1	1.0
3536	4633	6559	H2-Eb1	1.0
3536	4653	6565	H2-Eb1	1.0
3345	3999	6304	H2-Eb1	1.0
3345	4007	6312	H2-Eb1	1.0
3345	4010	6325	H2-Eb1	1.0
3345	4019	6318	H2-Eb1	1.0
3536	4569	6585	H2-Eb1	1.0
3536	4598	6526	H2-Eb1	1.0
3536	4642	6546	H2-Eb1	1.0
3345	3988	6328	H2-Eb1	1.0
3345	3997	6294	H2-Eb1	1.0
3536	4577	6590	H2-Eb1	1.0
3536	4624	6537	H2-Eb1	1.0
3536	4630	6577	H2-Eb1	1.0
3536	4624	6535	H2-Eb1	1.0
3536	4627	6579	H2-Eb1	1.0
3536	4634	6573	H2-Eb1	1.0
3536	4648	6567	H2-Eb1	1.0
3345	4020	6282	H2-Eb1	1.0
3345	4061	6268	H2-Eb1	1.0
3345	4064	6275	H2-Eb1	1.0
3536	4563	6541	H2-Eb1	1.0
3536	4619	6573	H2-Eb1	1.0
3536	4641	6585	H2-Eb1	1.0
3345	4066	6273	H2-Eb1	1.0
3536	4564	6546	H2-Eb1	1.0
3536	4616	6574	H2-Eb1	1.0
3536	4634	6559	H2-Eb1	1.0
3536	4648	6572	H2-Eb1	1.0
3536	4552	6527	H2-Eb1	1.0
3536	4581	6565	H2-Eb1	1.0
3536	4621	6577	H2-Eb1	1.0
3536	4617	6517	H2-Eb1	1.0
3345	3999	6324	Gzmb	1.0
3345	4007	6301	Gzmb	1.0
3345	4001	6299	Gzmb	1.0
3345	4005	6290	Gzmb	1.0
3536	4652	6550	Gzmb	1.0
3536	4655	6552	Gzmb	1.0
3345	4028	6320	Gzmb	1.0
3536	4661	6528	Gzmb	1.0
3345	4049	6252	Vcan	1.0
3345	4066	6235	Vcan	1.0
3345	4006	6314	C1qb	1.0
3536	4643	6583	C1qb	1.0
3536	4660	6559	C1qb	1.0
3345	3999	6292	C1qb	1.0
3345	4011	6290	C1qb	1.0
3536	4620	6577	C1qb	1.0
3536	4633	6573	C1qb	1.0
3536	4635	6585	C1qb	1.0
3536	4652	6564	C1qb	1.0
3345	3980	6314	C1qb	1.0
3345	4010	6289	C1qb	1.0
3536	4621	6586	C1qb	1.0
3536	4635	6569	C1qb	1.0
3536	4657	6560	C1qb	1.0
3345	4053	6261	C1qb	1.0
3536	4616	6590	C1qb	1.0
3536	4623	6580	C1qb	1.0
3536	4623	6557	C1qb	1.0
3536	4646	6569	C1qb	1.0
3536	4646	6575	C1qb	1.0
3536	4616	6581	C1qb	1.0
3536	4623	6568	C1qb	1.0
3536	4636	6548	C1qb	1.0
3536	4546	6542	Il7r	1.0
3536	4555	6524	Il7r	1.0
3536	4579	6520	Il7r	1.0
3536	4612	6561	Il7r	1.0
3536	4556	6536	Il7r	1.0
3536	4616	6529	Il7r	1.0
3536	4622	6481	Il7r	1.0
3345	4079	6301	Il7r	1.0
3536	4651	6544	Il7r	1.0
3345	4080	6295	Il7r	1.0
3345	4063	6256	Nkg7	1.0
3345	4056	6320	C1qc	1.0
3345	4062	6329	C1qc	1.0
3536	4557	6583	C1qc	1.0
3345	4002	6348	C1qc	1.0
3345	4012	6322	C1qc	1.0
3345	3994	6324	C1qc	1.0
3536	4624	6573	C1qc	1.0
3536	4635	6588	C1qc	1.0
3345	3982	6318	C1qc	1.0
3536	4623	6575	C1qc	1.0
3536	4659	6561	C1qc	1.0
3536	4620	6569	C1qc	1.0
3536	4628	6566	C1qc	1.0
3536	4639	6576	C1qc	1.0
3536	4657	6563	C1qc	1.0
3536	4620	6570	C1qc	1.0
3536	4621	6576	C1qc	1.0
3536	4633	6570	C1qc	1.0
3536	4638	6579	C1qc	1.0
3536	4638	6561	C1qc	1.0
3536	4662	6564	C1qc	1.0
3536	4641	6583	C1qc	1.0
3536	4620	6574	C1qc	1.0
3536	4628	6584	Prf1	1.0
3536	4628	6591	Prf1	1.0
3345	4076	6303	Prf1	1.0
3536	4634	6576	Prf1	1.0
3536	4622	6556	Cadm1	1.0
3345	4061	6332	Clec4a2	1.0
3536	4624	6590	Tnfrsf21	1.0
3536	4620	6565	Tnfrsf21	1.0
3536	4621	6562	Tnfrsf21	1.0
3536	4645	6570	Tnfrsf21	1.0
3536	4653	6545	Tnfrsf21	1.0
3536	4588	6520	Gpr18	1.0
3345	4014	6278	Gpr18	1.0
3536	4621	6533	Gpr18	1.0
3536	4566	6521	Ffar1	1.0
3536	4629	6479	Ffar2	1.0
3536	4628	6479	Ffar2	1.0
3536	4622	6479	Ltb4r1	1.0
3536	4646	6577	Lpar1	1.0
3345	4016	6302	Lpar2	1.0
3345	4073	6284	Lpar5	1.0
3536	4614	6579	Lpar5	1.0
3536	4665	6513	Lpar6	1.0
3345	4025	6329	Lpar6	1.0
3536	4565	6527	Lpar6	1.0
3345	4057	6255	Gpr55	1.0
3536	4650	6535	P2ry10	1.0
3345	4027	6320	P2ry10	1.0
3345	4025	6319	P2ry10	1.0
3536	4568	6533	P2ry10b	1.0
3536	4568	6587	P2ry10b	1.0
3536	4579	6504	Ptger2	1.0
3345	4016	6307	Ptger4	1.0
3345	4081	6301	Ptger4	1.0
3345	4055	6343	S1pr1	1.0
3536	4571	6589	S1pr1	1.0
3536	4586	6534	S1pr1	1.0
3536	4604	6546	S1pr1	1.0
3536	4624	6571	S1pr1	1.0
3536	4556	6575	S1pr1	1.0
3536	4594	6576	S1pr1	1.0
3345	4085	6304	S1pr1	1.0
3536	4559	6569	S1pr1	1.0
3536	4580	6496	S1pr1	1.0
3345	4060	6286	S1pr1	1.0
3536	4589	6496	S1pr1	1.0
3345	4021	6337	S1pr1	1.0
3536	4593	6587	S1pr1	1.0
3536	4621	6522	S1pr1	1.0
3536	4544	6548	S1pr1	1.0
3536	4667	6516	S1pr2	1.0
3345	4013	6298	S1pr3	1.0
3345	4012	6298	S1pr3	1.0
3345	3986	6330	S1pr4	1.0
3536	4629	6550	S1pr4	1.0
3345	4009	6347	S1pr4	1.0
3536	4587	6491	Tbxa2r	1.0
3536	4571	6528	Tbxa2r	1.0
3536	4602	6539	Tbxa2r	1.0
3536	4651	6557	Fzd1	1.0
3345	4053	6309	Fzd7	1.0
3345	4016	6274	Fzd7	1.0
3536	4633	6516	Fzd7	1.0
3536	4650	6513	Fzd7	1.0
3536	4586	6591	Fzd4	1.0
3536	4621	6511	Fzd4	1.0
3536	4567	6506	Fzd5	1.0
3345	4059	6231	Smo	1.0
3536	4646	6563	Smo	1.0
3345	4058	6323	Chrm2	1.0
3345	4059	6290	Chrm5	1.0
3536	4637	6551	Adra2b	1.0
3345	4004	6317	Hrh1	1.0
3536	4587	6549	Taar7a	1.0
3536	4576	6548	Taar7a	1.0
3536	4585	6593	Sstr4	1.0
3345	4017	6317	Glp2r	1.0
3345	4017	6338	Glp2r	1.0
3162	5614	1253	Slc51a	1.0
3162	5615	1269	Slc51a	1.0
3162	5618	1281	Slc51a	1.0
3162	5623	1266	Slc51a	1.0
3162	5615	1259	Slc51a	1.0
3162	5616	1280	Slc51a	1.0
3162	5620	1279	Slc51a	1.0
3162	5618	1356	Txndc5	1.0
3162	5619	1355	Txndc5	1.0
3162	5621	1357	Txndc5	1.0
3162	5619	1333	Jaml	1.0
3162	5631	1324	Jaml	1.0
3162	5630	1340	Tspan13	1.0
3162	5631	1305	Sox4	1.0
3162	5616	1345	Cd44	1.0
3162	5618	1298	Cd44	1.0
3162	5616	1297	Cd44	1.0
3162	5615	1309	Scarb1	1.0
3162	5625	1300	Maged2	1.0
3162	5639	1295	Net1	1.0
3162	5617	1283	Net1	1.0
3162	5616	1296	Net1	1.0
3162	5628	1297	Net1	1.0
3162	5637	1296	Net1	1.0
3162	5639	1297	Ada	1.0
3162	5615	1260	Slc5a1	1.0
3162	5614	1265	Slc5a1	1.0
3162	5618	1264	Slc5a1	1.0
3162	5617	1277	Slc5a1	1.0
3162	5625	1279	Slc5a1	1.0
3162	5614	1266	Slc5a1	1.0
3162	5637	1296	Marcksl1	1.0
3162	5635	1312	Vim	1.0
3162	5633	1334	Vim	1.0
3162	5615	1338	Cd4	1.0
3162	5620	1328	Cd4	1.0
3162	5613	1312	Cd4	1.0
3162	5613	1311	Cd4	1.0
3162	5622	1302	Cd4	1.0
3162	5616	1362	Tigit	1.0
3162	5619	1345	Cd79a	1.0
3162	5622	1297	Itgam	1.0
3162	5615	1334	H2-Eb1	1.0
3162	5620	1341	H2-Eb1	1.0
3162	5623	1327	H2-Eb1	1.0
3162	5620	1347	H2-Eb1	1.0
3162	5619	1309	H2-Eb1	1.0
3162	5624	1358	H2-Eb1	1.0
3162	5623	1354	H2-Eb1	2.0
3162	5632	1331	H2-Eb1	1.0
3162	5623	1354	H2-Eb1	2.0
3162	5624	1304	H2-Eb1	1.0
3162	5626	1335	H2-Eb1	1.0
3162	5614	1294	Vcan	1.0
3162	5621	1337	C1qb	1.0
3162	5615	1312	C1qb	1.0
3162	5621	1312	C1qb	1.0
3162	5617	1357	C1qb	1.0
3162	5621	1313	C1qb	1.0
3162	5619	1309	C1qb	1.0
3162	5618	1310	C1qb	1.0
3162	5625	1318	C1qb	1.0
3162	5616	1318	C1qc	1.0
3162	5617	1320	C1qc	1.0
3162	5618	1327	C1qc	1.0
3162	5614	1357	C1qc	1.0
3162	5619	1315	C1qc	1.0
3162	5626	1332	Cadm1	1.0
3162	5624	1337	Tnfrsf21	1.0
3162	5617	1365	Tnfrsf21	1.0
3162	5622	1318	Gpr31b	1.0
3162	5627	1273	Lpar1	1.0
3162	5634	1310	Ptger4	1.0
3162	5615	1362	S1pr3	1.0
3162	5637	1312	Fzd7	1.0
3162	5623	1315	Adrb1	1.0
3162	5617	1289	Glp2r	1.0
3162	5634	1312	Glp2r	1.0
4495	2962	3306	Hmgb2	1.0
4495	2952	3309	Hmgb2	1.0
4495	2911	3298	Cps1	1.0
4495	2941	3311	Cps1	1.0
4495	2937	3307	Cps1	1.0
4495	2944	3298	Cps1	1.0
4495	2955	3311	Cps1	1.0
4495	2942	3299	Cps1	1.0
4495	2948	3310	Cps1	1.0
4495	2955	3312	Cps1	1.0
4495	2940	3303	Cps1	1.0
4495	2951	3311	Cps1	1.0
4495	2929	3295	Cps1	1.0
4495	2937	3304	Cps1	1.0
4495	2951	3308	Cps1	1.0
4495	2858	3240	Cps1	1.0
4495	2894	3300	Cps1	1.0
4495	2929	3293	Cps1	1.0
4495	2933	3308	Cps1	1.0
4495	2938	3305	Cps1	1.0
4495	2945	3302	Cps1	1.0
4495	2950	3270	Cps1	1.0
4495	2886	3304	Cps1	1.0
4495	2891	3299	Cps1	1.0
4495	2900	3300	Cps1	1.0
4495	2906	3299	Cps1	1.0
4495	2928	3233	Cps1	1.0
4495	2942	3293	Cps1	1.0
4495	2957	3310	Cps1	1.0
4495	2904	3297	Cps1	1.0
4495	2901	3273	Txndc5	1.0
4495	2907	3280	Txndc5	1.0
4495	2921	3312	Txndc5	1.0
4495	2928	3285	Txndc5	1.0
4495	2935	3280	Txndc5	1.0
4495	2953	3271	Txndc5	1.0
4495	2902	3274	Txndc5	1.0
4495	2906	3313	Txndc5	1.0
4495	2908	3278	Txndc5	1.0
4495	2918	3308	Txndc5	1.0
4495	2924	3311	Txndc5	1.0
4495	2936	3271	Txndc5	1.0
4495	2939	3283	Txndc5	1.0
4495	2946	3277	Txndc5	1.0
4495	2952	3269	Txndc5	1.0
4495	2987	3277	Txndc5	1.0
4495	2899	3309	Txndc5	1.0
4495	2908	3315	Txndc5	1.0
4495	2908	3304	Txndc5	1.0
4495	2915	3302	Txndc5	1.0
4495	2920	3310	Txndc5	1.0
4495	2926	3274	Txndc5	1.0
4495	2942	3312	Txndc5	1.0
4572	2696	3717	Txndc5	1.0
4495	2907	3308	Txndc5	1.0
4495	2912	3301	Txndc5	1.0
4495	2900	3297	Txndc5	1.0
4495	2930	3308	Txndc5	1.0
4495	2954	3269	Txndc5	1.0
4572	2711	3710	Txndc5	1.0
4495	2901	3292	Txndc5	1.0
4495	2923	3302	Txndc5	1.0
4495	2907	3309	Klk1	1.0
4495	2935	3312	Klk1	1.0
4495	2899	3308	Klk1	1.0
4495	2908	3303	Klk1	1.0
4495	2910	3295	Klk1	1.0
4495	2910	3312	Clca3b	1.0
4495	2915	3310	Clca3b	1.0
4495	2993	3271	Clca3b	1.0
4495	2951	3303	Clca3b	1.0
4495	2898	3300	Clca3b	1.0
4495	2948	3312	Clca3b	1.0
4495	2951	3267	Clca3b	1.0
4495	2931	3311	Slc12a2	1.0
4495	2918	3304	Slc12a2	1.0
4572	2692	3708	Jaml	1.0
4572	2701	3722	Jaml	1.0
4572	2707	3735	Jaml	1.0
4572	2709	3716	Jaml	1.0
4572	2716	3720	Jaml	1.0
4495	2952	3220	Lrmp	1.0
4495	2926	3303	Krt7	1.0
4495	2923	3257	Tspan13	1.0
4495	2925	3266	Tspan13	1.0
4495	2976	3286	Tspan13	1.0
4495	2915	3236	Tspan13	1.0
4495	2922	3308	Tspan13	1.0
4495	2924	3233	Tspan13	1.0
4495	2901	3307	Tspan13	1.0
4495	2933	3259	Tspan13	1.0
4572	2700	3685	Tspan13	1.0
4495	2911	3291	Tspan13	1.0
4495	2944	3222	Hhex	1.0
4495	2904	3204	Adgrf5	1.0
4495	2936	3214	Adgrf5	1.0
4495	2913	3246	Adgrf5	1.0
4495	2912	3246	Adgrf5	1.0
4495	2923	3222	Adgrf5	1.0
4495	2923	3243	Adgrf5	1.0
4495	2953	3267	Cd44	1.0
4495	2974	3253	Cd44	1.0
4495	2926	3254	Cd44	1.0
4495	2943	3275	Cd44	1.0
4495	2856	3258	Cd44	1.0
4572	2691	3713	Cd44	1.0
4572	2696	3696	Cd44	1.0
4572	2703	3721	Cd44	1.0
4495	2932	3309	Cd44	1.0
4495	2902	3308	Cd44	1.0
4495	2903	3307	Cd44	1.0
4495	2922	3259	Scarb1	1.0
4495	2879	3257	Scarb1	1.0
4495	2898	3256	Scarb1	1.0
4495	2909	3239	Scarb1	1.0
4495	2963	3233	Scarb1	1.0
4495	2897	3232	Maged2	1.0
4495	2914	3287	Acsl1	1.0
4495	2896	3301	Net1	1.0
4495	2921	3295	Net1	1.0
4495	2923	3244	Ccnl2	1.0
4495	2936	3220	Ccnl2	1.0
4495	2953	3242	Ccnl2	1.0
4495	2905	3287	Ccnl2	1.0
4572	2708	3732	Neat1	1.0
4495	2902	3207	Neat1	1.0
4495	2947	3195	Neat1	1.0
4572	2694	3736	Neat1	1.0
4572	2695	3736	Neat1	1.0
4572	2691	3705	Neat1	1.0
4495	2896	3244	Neat1	1.0
4495	2940	3249	Neat1	1.0
4572	2687	3760	Neat1	1.0
4495	2951	3242	Neat1	1.0
4495	2956	3313	Slc5a1	1.0
4495	2935	3313	Slc5a1	1.0
4495	2946	3300	Nlrp6	1.0
4495	2965	3276	Nlrp6	1.0
4495	2929	3302	Nlrp6	1.0
4495	2963	3306	Nlrp6	1.0
4495	2895	3285	Nlrp6	1.0
4572	2689	3697	Mki67	1.0
4495	2945	3307	Mki67	1.0
4495	2921	3292	Stmn1	1.0
4572	2704	3721	Stmn1	1.0
4495	2933	3294	Stmn1	1.0
4495	2883	3227	Marcksl1	1.0
4572	2705	3720	Marcksl1	1.0
4495	2955	3304	Marcksl1	1.0
4495	2939	3301	Marcksl1	1.0
4495	2978	3266	Ccl9	1.0
4495	2873	3287	Vim	1.0
4495	2886	3228	Vim	1.0
4495	2894	3233	Vim	1.0
4495	2896	3224	Vim	1.0
4495	2920	3227	Vim	1.0
4572	2686	3698	Vim	1.0
4495	2913	3226	Vim	1.0
4495	2926	3223	Vim	1.0
4572	2689	3708	Vim	1.0
4572	2699	3719	Vim	1.0
4572	2708	3726	Vim	1.0
4495	2878	3216	Vim	2.0
4572	2703	3700	Vim	1.0
4495	2878	3216	Vim	2.0
4495	2901	3230	Vim	1.0
4572	2718	3730	Vim	1.0
4495	2881	3218	Vim	1.0
4572	2701	3715	Vim	1.0
4495	2877	3245	Acta2	1.0
4495	2886	3237	Acta2	1.0
4495	2899	3223	Acta2	1.0
4495	2959	3218	Acta2	1.0
4572	2713	3722	Acta2	1.0
4572	2725	3731	Acta2	1.0
4495	2857	3268	Acta2	1.0
4495	2859	3230	Acta2	1.0
4495	2864	3257	Acta2	1.0
4495	2864	3265	Acta2	1.0
4495	2874	3231	Acta2	1.0
4495	2876	3223	Acta2	1.0
4495	2885	3215	Acta2	1.0
4495	2886	3228	Acta2	1.0
4495	2899	3219	Acta2	1.0
4495	2910	3217	Acta2	1.0
4495	2856	3269	Acta2	1.0
4495	2875	3233	Acta2	1.0
4495	2882	3216	Acta2	1.0
4495	2880	3222	Acta2	1.0
4495	2896	3218	Acta2	1.0
4495	2909	3223	Acta2	1.0
4495	2867	3269	Acta2	1.0
4495	2873	3237	Acta2	1.0
4495	2876	3227	Acta2	1.0
4495	2884	3234	Acta2	1.0
4495	2887	3214	Acta2	1.0
4495	2904	3221	Acta2	1.0
4495	2913	3205	Acta2	1.0
4495	2944	3194	Acta2	1.0
4495	2904	3204	Acta2	1.0
4572	2707	3737	Cspg4	1.0
4572	2725	3727	Cspg4	1.0
4495	2857	3262	Cspg4	1.0
4495	2877	3222	Elavl3	1.0
4495	2950	3260	Ifnar1	1.0
4495	2877	3223	Ifnar1	1.0
4495	2898	3238	Ifnar1	1.0
4495	2944	3235	Ifnar1	1.0
4572	2696	3707	Itgae	1.0
4572	2696	3715	Itgae	1.0
4495	2963	3289	Cd79a	1.0
4495	2995	3259	Cd79a	1.0
4495	2955	3289	Cd79a	1.0
4495	2993	3269	Cd79a	1.0
4495	2941	3268	Cd79a	1.0
4495	2970	3284	Cd79a	1.0
4495	2954	3292	Cd79b	1.0
4495	2959	3273	Cd79b	1.0
4495	2972	3270	Cd79b	1.0
4495	2971	3289	Cd79b	1.0
4495	2912	3276	Mzb1	1.0
4495	2928	3276	Mzb1	1.0
4495	2931	3285	Mzb1	1.0
4495	2952	3243	Mzb1	1.0
4495	2954	3254	Mzb1	1.0
4495	2966	3273	Mzb1	1.0
4495	2975	3287	Mzb1	1.0
4495	2995	3267	Mzb1	1.0
4495	2925	3259	Mzb1	1.0
4495	2938	3278	Mzb1	1.0
4495	2967	3278	Mzb1	1.0
4495	2915	3270	Sdc1	1.0
4495	2920	3265	Sdc1	1.0
4495	2921	3278	Sdc1	1.0
4495	2930	3214	Sdc1	1.0
4495	2943	3246	Sdc1	1.0
4495	2964	3273	Sdc1	1.0
4495	2981	3270	Sdc1	1.0
4495	2986	3263	Sdc1	1.0
4495	2935	3286	Sdc1	1.0
4495	2973	3283	Sdc1	1.0
4495	2975	3274	Sdc1	1.0
4495	2927	3280	Sdc1	1.0
4495	2977	3271	Sdc1	1.0
4495	2972	3278	Sdc1	1.0
4495	2926	3262	Sdc1	1.0
4495	2919	3249	Sdc1	1.0
4572	2691	3704	Cd34	1.0
4572	2706	3752	Cd34	1.0
4495	2898	3239	Cd34	1.0
4572	2707	3750	Cd34	1.0
4495	2986	3233	Cd34	1.0
4495	2964	3224	Cd34	1.0
4495	2893	3246	Cd34	1.0
4495	2892	3228	Cd34	1.0
4495	2896	3226	Cd34	1.0
4495	2902	3230	Cd34	1.0
4495	2906	3250	Cd34	1.0
4495	2944	3226	Cd34	1.0
4495	2977	3224	Cd34	1.0
4495	2931	3226	Cd34	1.0
4495	2938	3311	Itgam	1.0
4495	2902	3303	Itgam	1.0
4572	2695	3736	Mpo	1.0
4495	2999	3238	Ly6g	1.0
4495	2982	3231	Ly6g	1.0
4495	2924	3302	Kit	1.0
4572	2694	3707	H2-Eb1	1.0
4495	2930	3279	H2-Eb1	1.0
4572	2683	3682	H2-Eb1	1.0
4572	2694	3710	H2-Eb1	1.0
4572	2692	3697	H2-Eb1	1.0
4572	2694	3708	H2-Eb1	1.0
4572	2695	3695	H2-Eb1	1.0
4572	2705	3714	H2-Eb1	1.0
4572	2710	3726	H2-Eb1	1.0
4572	2707	3733	H2-Eb1	1.0
4572	2716	3723	H2-Eb1	1.0
4572	2693	3695	H2-Eb1	1.0
4572	2704	3725	H2-Eb1	1.0
4495	2934	3303	H2-Eb1	1.0
4572	2694	3704	Clec9a	1.0
4495	2952	3235	Vcan	1.0
4495	2914	3222	Vcan	1.0
4495	2975	3219	C1qb	1.0
4495	2882	3262	Cd14	1.0
4495	2949	3311	Cd14	1.0
4495	2893	3271	Prf1	1.0
4495	2858	3256	Prf1	1.0
4572	2695	3710	Cadm1	1.0
4495	2942	3230	Il3ra	1.0
4572	2697	3697	Tnfrsf21	1.0
4572	2720	3718	Tnfrsf21	1.0
4572	2712	3735	Tnfrsf21	1.0
4495	2898	3225	Lpar1	1.0
4572	2693	3728	Lpar1	1.0
4572	2706	3754	Lpar1	1.0
4495	2966	3276	Lpar5	1.0
4495	2932	3252	Lpar6	1.0
4495	2937	3284	Gpr55	1.0
4495	2872	3233	Ptger4	1.0
4495	2939	3243	S1pr1	1.0
4495	2942	3229	S1pr1	1.0
4495	2942	3240	S1pr1	1.0
4495	2951	3250	S1pr1	1.0
4495	2953	3247	S1pr1	1.0
4495	2963	3218	S1pr1	1.0
4495	2888	3227	S1pr1	1.0
4495	2901	3242	S1pr1	1.0
4495	2946	3219	S1pr1	1.0
4495	2927	3235	S1pr4	1.0
4572	2706	3750	Fzd1	1.0
4572	2711	3738	Fzd1	1.0
4495	2866	3237	Fzd1	1.0
4495	2866	3238	Fzd1	1.0
4495	2912	3203	Fzd1	1.0
4495	2914	3201	Fzd1	1.0
4495	2915	3225	Fzd1	1.0
4495	2901	3207	Fzd1	1.0
4572	2706	3747	Fzd7	1.0
4495	2897	3306	Fzd2	1.0
4495	2970	3251	Fzd4	1.0
4495	2976	3232	Fzd4	1.0
4495	2965	3220	Fzd4	1.0
4572	2709	3751	Fzd5	1.0
4495	2868	3219	Fzd5	1.0
4495	2905	3303	Fzd5	1.0
4495	2911	3297	Fzd5	1.0
4495	2960	3237	Fzd6	1.0
4495	2890	3273	Fzd6	1.0
4572	2710	3745	Smo	1.0
4495	2979	3228	Smo	1.0
4572	2704	3761	Adra1a	1.0
4495	2856	3254	Adrb1	1.0
4495	2962	3224	Taar4	1.0
4495	2935	3196	Taar7a	1.0
4495	2864	3242	Galr2	1.0
4884	3969	2367	Txndc5	1.0
4884	3971	2426	Jaml	1.0
4884	3967	2391	Jaml	1.0
4884	3971	2427	Jaml	1.0
4884	3959	2380	Jaml	1.0
4884	3949	2398	Lrmp	1.0
4884	3942	2367	Tspan13	1.0
4884	3949	2397	Tspan13	1.0
4884	3950	2361	Sox4	1.0
4884	3973	2351	Sox4	1.0
4884	3972	2352	Sox4	1.0
4884	3940	2368	Rgs4	1.0
4884	3976	2354	Cd44	1.0
4884	3971	2363	Neat1	1.0
4884	3944	2364	Neat1	1.0
4884	3943	2364	Neat1	1.0
4884	3994	2426	Acta2	1.0
4884	3944	2369	Cd4	1.0
4884	3958	2388	Cd4	1.0
4884	4000	2432	Tbx21	1.0
4884	4002	2431	Itgae	1.0
4884	3941	2370	Cd79b	1.0
4884	3970	2356	Mzb1	1.0
4884	3963	2387	Fcgr4	1.0
4884	3963	2401	Itgam	1.0
4884	3949	2393	Itgam	1.0
4884	3950	2402	H2-Eb1	1.0
4884	3957	2404	H2-Eb1	1.0
4884	3982	2426	H2-Eb1	1.0
4884	4000	2429	H2-Eb1	1.0
4884	3999	2425	H2-Eb1	1.0
4884	3956	2380	H2-Eb1	1.0
4884	3965	2383	H2-Eb1	1.0
4884	3977	2388	H2-Eb1	1.0
4884	3944	2396	H2-Eb1	1.0
4884	3972	2383	H2-Eb1	1.0
4884	3954	2390	Clec9a	1.0
4884	3948	2371	C1qb	1.0
4884	3947	2377	C1qb	1.0
4884	3953	2392	C1qb	1.0
4884	3954	2370	C1qb	1.0
4884	3958	2401	C1qc	1.0
4884	3972	2416	C1qc	1.0
4884	3975	2417	C1qc	1.0
4884	3979	2435	C1qc	1.0
4884	3952	2376	C1qc	1.0
4884	3955	2389	C1qc	1.0
4884	3952	2383	C1qc	1.0
4884	3954	2382	Tnfrsf21	1.0
4884	3960	2371	Adra2c	1.0
4884	3939	2368	Glp2r	1.0
5225	3947	8410	Jaml	1.0
5225	3922	8420	Jaml	1.0
5225	3947	8400	Ccnl2	1.0
5225	3936	8413	Ccnl2	1.0
5225	3960	8397	Neat1	1.0
5225	3946	8416	Neat1	1.0
5225	3944	8417	Neat1	1.0
5225	3942	8417	Neat1	1.0
5225	3952	8415	Neat1	1.0
5225	3939	8418	Neat1	1.0
5225	3942	8421	Neat1	1.0
5225	3933	8425	Cd4	1.0
5225	3942	8421	Cd4	1.0
5225	3943	8422	Cd4	1.0
5225	3936	8411	Ifnar1	1.0
5225	3951	8432	Mzb1	1.0
5225	3907	8415	Sdc1	1.0
5225	3950	8429	Sdc1	1.0
5225	3949	8430	Sdc1	1.0
5225	3951	8404	Fcgr4	1.0
5225	3933	8428	H2-Eb1	1.0
5225	3939	8410	H2-Eb1	1.0
5225	3944	8413	H2-Eb1	1.0
5225	3952	8431	H2-Eb1	1.0
5225	3937	8441	H2-Eb1	1.0
5225	3926	8416	H2-Eb1	1.0
5225	3924	8424	H2-Eb1	1.0
5225	3936	8437	H2-Eb1	1.0
5225	3935	8441	H2-Eb1	1.0
5225	3916	8418	H2-Eb1	1.0
5225	3918	8423	H2-Eb1	1.0
5225	3946	8425	H2-Eb1	1.0
5225	3939	8425	C1qb	1.0
5225	3957	8421	C1qb	1.0
5225	3934	8419	C1qb	1.0
5225	3934	8417	C1qb	1.0
5225	3940	8436	C1qb	1.0
5225	3933	8430	C1qb	1.0
5225	3935	8417	C1qb	1.0
5225	3944	8428	C1qb	1.0
5225	3934	8439	C1qc	1.0
5225	3917	8419	C1qc	1.0
5225	3929	8423	C1qc	1.0
5225	3937	8427	C1qc	1.0
5225	3963	8406	C1qc	1.0
5225	3946	8418	Cadm1	1.0
5225	3936	8426	Tnfrsf21	1.0
5225	3942	8412	Tnfrsf21	1.0
5225	3929	8416	Taar7a	1.0
5225	3948	8414	Cckar	1.0
5225	3927	8444	Glp2r	1.0
5225	3926	8445	Glp2r	1.0
